employee_id,salary,effective_date
1,51174,2020-06-07
1,101621,2021-06-07
1,114172,2023-03-07
2,114002,2025-05-25
3,81112,2022-05-02
3,144381,2023-12-02
3,198110,2025-03-02
4,44483,2018-09-13
4,50160,2019-11-13
4,87080,2021-01-13
4,143277,2022-09-13
4,230888,2024-07-13
5,84740,2021-02-24
5,104486,2022-07-24
5,155958,2024-04-24
5,171199,2025-05-24
6,223469,2020-03-22
6,415419,2022-02-22
6,510135,2023-11-22
6,590397,2025-10-22
7,51952,2016-09-05
7,64656,2018-08-05
7,77655,2020-06-05
7,124612,2021-08-05
7,244914,2023-05-05
7,351838,2025-02-05
8,48850,2023-05-26
8,93984,2025-02-26
9,83723,2021-07-02
9,89835,2023-02-02
9,180621,2024-12-02
9,266077,2025-12-02
10,158392,2023-12-26
10,188113,2025-08-26
11,92633,2021-10-06
11,185198,2023-09-06
11,282780,2025-01-06
12,56299,2016-12-16
12,82827,2018-05-16
12,158761,2019-05-16
12,177208,2020-09-16
12,237375,2022-06-16
12,251800,2023-07-16
12,284282,2025-03-16
13,93849,2019-05-16
13,182274,2021-01-16
13,255529,2022-07-16
13,417977,2023-12-16
13,470479,2025-05-16
14,51725,2025-03-08
15,57421,2023-07-28
15,96148,2024-11-28
16,85280,2021-02-26
16,97141,2022-12-26
16,114893,2024-01-26
16,141274,2025-03-26
17,101508,2020-08-21
17,139540,2021-12-21
17,193301,2023-07-21
17,261526,2025-06-21
18,159864,2018-12-28
18,302090,2020-08-28
18,334356,2021-10-28
18,465557,2022-12-28
18,499813,2024-11-28
19,182031,2018-11-18
19,357961,2020-01-18
19,399080,2021-12-18
19,419184,2023-09-18
19,491992,2025-01-18
20,330420,2022-09-13
20,479161,2024-03-13
20,754572,2025-08-13
21,193498,2020-06-19
21,246291,2022-05-19
21,406936,2023-09-19
21,496927,2024-11-19
22,76996,2019-01-17
22,87721,2020-10-17
22,145462,2022-08-17
22,206144,2024-03-17
22,361025,2025-10-17
23,79572,2017-02-06
23,104945,2019-01-06
23,109370,2020-07-06
23,164248,2021-12-06
23,255122,2023-08-06
23,502000,2024-09-06
23,641816,2025-11-06
24,151491,2022-12-09
24,192084,2024-07-09
25,78041,2021-04-14
25,119340,2022-12-14
25,159753,2024-07-14
26,72799,2016-12-05
26,141571,2017-12-05
26,190523,2019-02-05
26,270227,2020-05-05
26,401131,2021-12-05
26,765887,2023-04-05
26,1240308,2024-11-05
27,51464,2025-04-17
28,72366,2020-04-05
28,101469,2021-12-05
28,170684,2023-11-05
28,311573,2025-02-05
29,255481,2016-06-08
29,360507,2017-11-08
29,510893,2019-08-08
29,907742,2020-11-08
29,1343217,2022-04-08
29,1705806,2024-02-08
29,3360652,2025-11-08
30,89893,2023-08-31
30,172619,2025-05-31
31,84608,2021-04-04
31,169189,2022-09-04
31,257919,2023-09-04
31,429114,2025-03-04
32,145126,2018-10-12
32,281275,2020-02-12
32,302991,2022-01-12
32,392471,2023-03-12
32,562576,2024-04-12
32,657223,2025-04-12
33,151699,2025-06-26
34,314751,2021-09-08
34,376483,2023-03-08
34,583668,2024-07-08
35,48134,2017-10-12
35,49816,2018-11-12
35,80352,2020-09-12
35,157397,2021-11-12
35,216774,2023-08-12
35,246428,2024-09-12
36,98096,2022-02-06
36,184487,2023-02-06
36,371558,2024-07-06
36,382848,2025-07-06
37,76495,2025-10-13
38,60312,2021-04-06
38,78931,2022-07-06
38,156077,2024-02-06
38,168448,2025-07-06
39,62117,2018-12-09
39,67758,2020-11-09
40,55993,2017-09-09
40,70572,2019-07-09
40,74041,2020-09-09
40,142070,2022-06-09
40,191219,2023-10-09
40,311695,2025-06-09
41,73456,2024-06-21
41,91715,2025-10-21
42,305066,2023-09-09
42,386903,2025-02-09
43,126941,2018-01-02
43,136462,2019-12-02
43,245937,2021-10-02
43,393005,2023-02-02
43,435800,2025-01-02
44,70488,2016-03-30
44,81805,2018-02-28
44,133618,2019-06-28
44,194701,2021-05-28
44,337449,2023-03-28
44,677547,2024-07-28
45,37712,2019-03-25
45,47009,2021-02-25
45,60171,2022-10-25
45,105151,2023-11-25
45,148832,2025-05-25
46,164570,2020-08-28
46,196810,2021-12-28
46,352473,2023-01-28
46,553433,2024-05-28
46,759415,2025-06-28
47,138863,2021-07-01
47,160187,2022-09-01
47,207839,2023-11-01
47,316134,2025-03-01
48,279506,2020-06-22
48,374449,2021-09-22
48,443379,2023-05-22
48,876093,2024-11-22
49,337721,2024-02-11
49,468062,2025-06-11
50,58145,2018-12-28
50,66863,2020-03-28
50,115825,2021-03-28
50,201102,2022-09-28
50,358174,2024-06-28
50,468363,2025-09-28
51,54198,2023-09-05
51,92873,2025-01-05
52,99128,2023-10-31
52,180802,2025-08-31
53,70292,2017-12-17
53,118483,2019-03-17
53,184280,2020-10-17
53,358906,2022-09-17
53,540829,2023-09-17
53,743971,2025-02-17
54,83109,2024-02-29
54,134353,2025-08-29
55,46737,2024-07-09
55,55646,2025-08-09
56,104638,2025-12-30
57,174251,2023-10-26
57,322863,2025-09-26
58,75711,2019-03-17
58,140517,2021-02-17
58,247847,2022-06-17
58,345640,2023-07-17
58,674050,2025-04-17
59,194352,2020-01-23
59,202092,2021-01-23
59,392230,2022-02-23
59,571688,2023-10-23
59,679855,2025-02-23
60,240602,2016-10-24
60,457650,2018-05-24
60,821086,2020-02-24
60,878265,2021-10-24
60,1177457,2023-02-24
60,1797657,2024-02-24
60,2074834,2026-01-24
61,109994,2018-02-23
61,148625,2019-05-23
61,245375,2021-02-23
61,308958,2022-06-23
61,350452,2023-11-23
61,376166,2025-05-23
62,179977,2022-12-04
62,337685,2024-04-04
62,491952,2025-07-04
63,94662,2022-07-19
63,153755,2024-06-19
63,311392,2026-01-19
64,233226,2024-04-06
64,334094,2025-04-06
65,54949,2017-04-06
65,90206,2018-11-06
65,121283,2020-02-06
65,240225,2022-01-06
65,397141,2023-04-06
65,542123,2025-01-06
66,87051,2022-03-08
66,147289,2023-10-08
66,274941,2024-10-08
67,141933,2021-07-11
67,152201,2022-10-11
67,183449,2024-02-11
67,364731,2026-01-11
68,90885,2020-09-29
68,153571,2022-05-29
68,175989,2024-02-29
68,255369,2025-09-29
69,73393,2024-01-22
69,130145,2025-06-22
70,108759,2024-04-09
70,126177,2025-06-09
71,93480,2018-05-05
71,113235,2019-09-05
71,151556,2021-08-05
71,290355,2022-08-05
71,363304,2024-05-05
71,715675,2025-05-05
72,327223,2023-03-12
72,639073,2024-12-12
73,65704,2022-05-23
73,86057,2024-02-23
73,158951,2025-10-23
74,131623,2016-03-09
74,220553,2018-01-09
74,374779,2019-09-09
74,738134,2020-10-09
74,1231619,2022-03-09
74,1311569,2023-08-09
74,2200818,2025-01-09
75,71655,2016-09-22
75,102976,2018-08-22
75,115552,2020-02-22
75,173913,2021-02-22
75,270014,2022-12-22
75,495236,2023-12-22
76,229772,2017-11-29
76,314679,2019-02-28
76,563407,2020-12-28
76,1115194,2022-02-28
76,1589415,2024-01-28
76,2071426,2025-11-28
77,55525,2025-02-10
78,114865,2021-05-17
78,190534,2022-06-17
78,197548,2024-02-17
78,333226,2025-11-17
79,73854,2020-04-10
79,121133,2021-11-10
79,138825,2023-08-10
79,205561,2025-02-10
80,272201,2022-09-06
80,434558,2024-02-06
80,864736,2025-07-06
81,84469,2019-10-02
81,157697,2020-11-02
81,285778,2022-09-02
81,553714,2024-07-02
81,786149,2025-07-02
82,63515,2018-02-25
82,115214,2019-10-25
82,184072,2021-09-25
82,306876,2023-08-25
82,524649,2024-10-25
83,58137,2018-10-07
83,115675,2020-08-07
83,143254,2022-04-07
83,248704,2023-12-07
83,475931,2025-01-07
84,62098,2021-09-17
84,120987,2023-01-17
84,187353,2024-08-17
85,104137,2021-03-01
85,206255,2022-12-01
85,342698,2024-02-01
85,432337,2025-04-01
86,76739,2019-02-01
86,82091,2020-12-01
86,156924,2022-08-01
86,162393,2024-02-01
86,268416,2025-02-01
87,169303,2022-12-05
88,121627,2017-04-30
88,133280,2018-12-30
88,216488,2020-09-30
88,401313,2022-07-30
88,672834,2024-01-30
88,1332599,2025-12-30
89,73977,2022-09-08
89,79115,2024-03-08
89,106785,2025-11-08
90,76642,2021-10-23
90,112307,2023-05-23
90,133025,2024-05-23
90,186180,2026-01-23
91,90543,2025-11-19
92,111267,2022-02-27
92,218530,2023-06-27
92,313279,2024-07-27
92,622749,2025-11-27
93,55577,2019-10-17
93,61009,2020-12-17
93,112248,2022-01-17
93,209705,2023-09-17
93,424318,2024-12-17
94,116677,2022-09-01
94,228841,2024-06-01
94,351610,2026-01-01
95,87096,2023-12-03
95,108465,2025-03-03
96,94994,2017-11-04
96,192261,2019-10-04
96,323567,2020-10-04
96,639370,2022-06-04
96,1143039,2023-12-04
96,1470324,2025-01-04
97,55667,2017-12-18
97,63986,2019-05-18
97,116988,2020-11-18
97,149199,2022-10-18
97,171186,2024-04-18
97,280667,2025-11-18
98,340753,2024-08-08
99,65105,2024-10-26
100,73363,2018-01-06
100,134616,2019-03-06
100,270573,2020-07-06
100,507012,2022-03-06
100,544663,2024-01-06
100,913085,2025-02-06
101,142532,2018-11-23
101,207159,2020-07-23
101,324203,2021-08-23
101,486171,2023-05-23
101,911646,2024-11-23
102,102003,2022-02-27
102,205796,2024-01-27
102,381270,2025-07-27
103,74685,2020-01-14
103,87461,2021-05-14
103,146663,2022-12-14
103,172886,2023-12-14
103,221379,2025-04-14
104,58692,2019-09-03
104,92850,2021-08-03
104,106243,2023-06-03
104,135943,2024-11-03
105,74529,2017-05-29
105,111470,2018-09-29
105,148870,2019-12-29
105,188227,2021-08-29
105,318147,2022-12-29
105,463495,2024-03-29
106,125489,2024-01-17
106,199058,2025-10-17
107,104857,2016-08-13
107,191183,2018-06-13
107,284610,2019-12-13
107,456793,2021-06-13
107,571659,2022-10-13
107,945344,2024-02-13
107,1590877,2025-11-13
108,88906,2018-01-01
108,163768,2019-12-01
108,182347,2021-06-01
109,52646,2017-08-19
109,83827,2018-10-19
109,126759,2020-05-19
109,141026,2021-09-19
109,282068,2022-09-19
109,300168,2024-02-19
109,389499,2026-01-19
110,70426,2019-01-25
110,127410,2020-09-25
110,226020,2022-07-25
110,322198,2024-06-25
110,423405,2025-10-25
111,234904,2025-07-22
112,256967,2018-12-25
112,519205,2020-10-25
112,1037717,2022-05-25
112,1779938,2023-12-25
112,2219240,2025-11-25
113,60685,2020-06-03
113,63838,2021-07-03
113,90768,2023-02-03
113,173673,2024-05-03
113,249589,2025-09-03
114,55649,2022-12-26
114,85910,2024-11-26
114,92429,2026-01-26
115,113860,2020-12-22
115,163956,2022-06-22
115,329018,2024-04-22
115,424149,2025-09-22
116,144153,2025-03-09
117,189920,2024-10-10
118,164654,2023-11-29
118,295891,2025-09-29
119,68730,2024-05-10
119,94794,2025-10-10
120,113940,2018-08-12
120,228793,2020-03-12
120,328998,2021-08-12
120,529946,2023-03-12
120,562356,2024-11-12
120,924577,2026-01-12
121,159504,2018-08-23
121,235414,2020-05-23
121,427146,2022-02-23
121,615258,2023-12-23
121,806599,2025-10-23
122,97692,2018-11-11
122,144496,2020-05-11
122,212576,2022-03-11
122,319026,2024-02-11
122,621596,2025-12-11
123,109430,2023-07-17
123,167161,2024-09-17
124,157370,2025-09-07
125,76933,2016-09-09
125,126666,2018-07-09
125,163171,2019-11-09
125,301746,2021-01-09
125,575387,2022-03-09
125,903372,2023-11-09
125,1309713,2025-02-09
126,91152,2017-09-12
126,170297,2018-10-12
126,331272,2020-03-12
126,668924,2021-12-12
126,1185435,2022-12-12
126,2251869,2024-06-12
126,3520586,2025-08-12
127,99642,2017-12-25
127,184803,2019-08-25
127,201767,2020-09-25
127,294645,2022-01-25
127,577014,2023-05-25
127,696873,2025-01-25
128,85018,2017-03-27
128,152578,2018-12-27
128,285717,2020-02-27
128,560221,2021-09-27
128,754812,2023-03-27
128,1437379,2024-11-27
129,106670,2019-03-02
129,135432,2020-08-02
129,162797,2022-02-02
129,235903,2023-05-02
129,314397,2024-12-02
129,561421,2025-12-02
130,127445,2023-10-17
130,253545,2025-09-17
131,80670,2022-08-17
131,136684,2024-01-17
131,193130,2025-12-17
132,196915,2017-05-09
132,227685,2018-08-09
132,284408,2019-08-09
132,345521,2021-02-09
132,437052,2022-08-09
132,659329,2023-10-09
132,1049133,2025-01-09
133,101130,2019-03-20
133,144066,2020-04-20
133,167627,2022-02-20
133,175708,2023-11-20
133,205275,2025-06-20
134,169729,2016-12-17
134,288935,2018-03-17
134,313811,2019-03-17
134,609604,2020-05-17
134,728476,2021-12-17
134,1278406,2023-02-17
134,2183712,2024-10-17
135,143948,2022-11-16
135,196668,2024-06-16
135,232817,2025-09-16
136,92959,2024-10-04
136,143419,2025-12-04
137,126228,2025-01-24
138,94956,2016-06-17
138,165532,2017-07-17
138,324933,2019-05-17
138,399260,2021-02-17
138,744380,2022-11-17
138,1436088,2024-01-17
138,1686673,2025-08-17
139,271668,2019-07-19
139,386536,2021-06-19
139,531334,2022-10-19
139,817428,2024-06-19
140,90745,2018-10-26
140,104522,2020-07-26
140,172268,2022-02-26
140,343641,2023-10-26
140,571277,2025-07-26
141,95774,2021-10-03
141,134432,2023-06-03
141,240158,2024-09-03
141,347017,2025-12-03
142,66285,2025-05-18
143,51249,2021-01-29
143,99691,2022-12-29
143,106320,2024-09-29
144,145904,2024-10-26
145,91164,2021-10-27
145,169254,2023-03-27
145,279741,2024-11-27
146,231462,2023-11-18
146,289030,2025-09-18
147,95161,2022-11-10
147,156297,2024-04-10
147,268515,2025-04-10
148,151189,2023-10-20
148,202027,2025-01-20
148,361720,2026-01-20
149,118594,2020-09-10
149,172849,2021-12-10
149,179870,2023-05-10
149,205877,2025-03-10
150,93626,2018-11-21
150,102241,2020-04-21
150,121573,2021-06-21
150,209395,2022-07-21
150,407810,2024-03-21
150,453578,2025-06-21
151,228671,2024-07-10
151,412619,2025-07-10
152,168934,2017-03-06
152,292210,2018-06-06
152,447080,2019-12-06
152,649292,2021-11-06
152,772381,2022-11-06
152,829445,2024-09-06
153,241704,2019-09-30
153,379606,2021-01-30
153,630571,2022-01-30
153,1074456,2023-11-30
153,1839240,2025-03-30
154,94565,2023-02-02
154,135575,2024-10-02
155,78757,2024-05-25
155,100348,2025-07-25
156,109822,2025-10-06
157,70421,2025-02-01
157,137625,2026-02-01
158,45216,2020-08-28
158,77223,2022-05-28
158,115457,2023-12-28
158,158977,2025-04-28
159,104211,2018-11-28
159,192327,2019-12-28
159,306588,2020-12-28
159,503117,2022-04-28
159,586202,2023-09-28
159,925422,2024-12-28
159,1544909,2025-12-28
160,190643,2019-10-29
160,350561,2021-03-29
160,447410,2022-08-29
160,750494,2023-08-29
160,1441457,2025-06-29
161,257287,2021-02-28
161,396790,2022-08-28
161,739765,2024-03-28
161,1007937,2025-04-28
162,48444,2025-11-15
163,75191,2019-05-02
163,125145,2020-07-02
163,221110,2022-06-02
163,267369,2024-03-02
163,480667,2025-11-02
164,255910,2023-06-16
164,348499,2025-01-16
164,661172,2026-01-16
165,82574,2019-11-27
165,163200,2021-08-27
165,215513,2023-06-27
165,246304,2025-03-27
166,76352,2019-12-12
166,103853,2021-07-12
166,146478,2022-09-12
166,214856,2023-10-12
166,368402,2025-05-12
167,51540,2018-03-13
167,59706,2019-03-13
167,113397,2020-07-13
167,123538,2021-10-13
167,181271,2023-01-13
167,342183,2024-02-13
167,667211,2025-10-13
168,174086,2019-11-12
168,292543,2021-08-12
168,407733,2023-06-12
168,553385,2024-08-12
168,790726,2025-08-12
169,96053,2016-10-15
169,192148,2018-06-15
169,251360,2020-05-15
169,460149,2021-06-15
169,767396,2023-01-15
169,1256964,2024-05-15
169,1427405,2025-11-15
170,112235,2023-06-08
170,165857,2025-04-08
171,127528,2024-08-25
171,222812,2025-10-25
172,55810,2020-01-30
172,95304,2021-08-30
172,144134,2022-12-30
172,157291,2024-08-30
172,248671,2026-01-30
173,156216,2019-09-22
173,175235,2020-09-22
173,346430,2022-01-22
173,507462,2023-07-22
173,703712,2024-07-22
174,211653,2021-04-10
174,218770,2023-01-10
174,418466,2024-08-10
175,81998,2025-07-01
176,199174,2022-10-14
176,336031,2024-03-14
176,586849,2025-06-14
177,279689,2024-10-28
178,212431,2019-11-06
178,253871,2021-02-06
178,325961,2022-06-06
178,516323,2024-04-06
178,942974,2025-09-06
179,84421,2019-06-28
180,114923,2019-06-10
180,141505,2021-04-10
180,209843,2022-12-10
180,358607,2024-05-10
181,45579,2017-05-04
181,75052,2019-01-04
181,79987,2020-07-04
181,108669,2021-08-04
181,164948,2022-10-04
181,253036,2024-02-04
181,494598,2025-04-04
182,47846,2020-08-21
182,57350,2021-11-21
182,106707,2022-12-21
182,168253,2024-03-21
182,276598,2025-04-21
183,112938,2019-03-22
183,203365,2020-12-22
183,307437,2022-02-22
183,611643,2023-06-22
183,1214918,2024-11-22
184,119275,2025-08-12
185,91132,2020-07-04
185,154134,2021-08-04
185,193783,2023-02-04
185,384131,2024-02-04
185,483193,2025-10-04
186,116738,2021-07-12
186,161070,2022-07-12
186,244983,2024-06-12
187,340824,2019-04-28
187,473123,2020-12-28
187,583316,2022-08-28
187,967573,2024-05-28
187,1177275,2026-01-28
188,56238,2020-05-17
188,59373,2022-02-17
188,100643,2023-04-17
188,162157,2024-09-17
189,336233,2017-02-11
189,628046,2018-03-11
189,1082909,2019-08-11
189,1823320,2021-02-11
189,2007222,2022-07-11
189,3754771,2024-03-11
189,6002882,2026-01-11
190,309940,2023-04-06
190,480692,2025-03-06
191,204319,2020-07-13
192,103580,2017-01-26
192,180760,2018-09-26
192,331385,2020-01-26
192,543040,2021-08-26
192,688106,2022-11-26
192,1381086,2024-06-26
192,2686937,2026-01-26
193,56445,2018-10-12
193,95291,2020-06-12
193,122504,2021-09-12
193,216658,2023-03-12
194,136291,2020-09-11
194,163602,2022-08-11
194,231695,2023-09-11
194,278877,2024-10-11
195,135914,2020-09-22
195,247588,2022-04-22
195,442587,2024-02-22
195,850363,2025-09-22
196,80571,2023-11-25
196,102347,2024-11-25
196,191855,2025-12-25
197,172498,2019-10-12
197,178328,2020-12-12
197,212384,2022-06-12
197,274420,2023-09-12
197,417468,2025-07-12
198,94898,2017-08-20
198,169613,2019-07-20
198,275249,2021-05-20
198,414801,2022-12-20
198,665015,2024-01-20
198,872315,2025-06-20
199,74243,2018-08-03
199,141275,2019-10-03
199,236687,2020-11-03
199,369834,2021-11-03
199,724517,2023-05-03
200,141748,2018-06-12
200,210221,2019-11-12
200,264680,2021-07-12
200,415361,2022-11-12
200,702409,2024-04-12
200,1389757,2025-11-12
201,96658,2025-11-27
202,102351,2017-03-18
202,163301,2018-09-18
202,330606,2019-11-18
202,434917,2021-07-18
202,448073,2023-01-18
202,678708,2024-08-18
203,152496,2024-06-30
204,129543,2019-07-19
204,210951,2021-02-19
204,347275,2022-11-19
204,453662,2024-03-19
204,528274,2025-07-19
205,98167,2023-01-16
205,165266,2024-06-16
206,145751,2025-10-23
207,156271,2022-07-27
207,299344,2024-06-27
208,281943,2019-04-05
208,326882,2021-02-05
208,563965,2022-11-05
208,751587,2024-07-05
209,62893,2022-11-23
209,118977,2024-03-23
210,111544,2025-01-17
211,286841,2019-11-21
211,487189,2020-12-21
211,550159,2022-09-21
211,1060882,2024-08-21
212,59846,2019-05-05
212,108855,2020-06-05
212,171765,2021-09-05
212,255595,2023-02-05
212,348470,2024-11-05
213,85345,2021-04-27
213,147969,2022-04-27
213,212946,2023-10-27
213,406431,2025-01-27
214,186050,2021-05-13
214,374934,2023-02-13
214,747534,2024-02-13
214,1269779,2025-05-13
215,96795,2020-07-12
215,101523,2021-09-12
215,136370,2023-03-12
215,193842,2024-05-12
215,302844,2025-08-12
216,71875,2020-04-13
216,80465,2021-05-13
216,126221,2022-05-13
216,224019,2023-08-13
216,426888,2024-10-13
216,534652,2025-10-13
217,82099,2020-02-11
217,107794,2021-09-11
217,121748,2023-07-11
217,127709,2025-06-11
218,201699,2016-03-12
218,310146,2017-08-12
218,489722,2018-12-12
218,916505,2020-07-12
218,1166487,2022-03-12
218,1940267,2023-06-12
218,2694070,2024-12-12
219,82088,2019-07-19
219,126752,2020-10-19
219,146876,2021-10-19
219,152946,2022-12-19
219,182763,2024-09-19
220,41824,2021-03-28
220,73207,2022-07-28
220,82154,2023-11-28
220,113036,2025-10-28
221,90162,2018-04-15
221,164471,2019-08-15
221,288436,2021-04-15
221,563108,2022-10-15
221,735003,2024-02-15
221,830090,2025-08-15
222,92910,2020-10-09
222,137999,2022-04-09
222,237284,2023-11-09
222,418833,2025-02-09
223,105561,2017-11-02
223,179016,2019-02-02
223,334438,2020-10-02
223,380430,2021-12-02
223,502381,2023-02-02
223,821487,2024-09-02
223,1604574,2026-01-02
224,42499,2018-05-30
224,64102,2019-05-30
224,103083,2020-05-30
224,205332,2022-01-30
224,359653,2023-05-30
224,405210,2024-10-30
224,629251,2025-12-30
225,140638,2023-06-25
225,278145,2024-09-25
225,322226,2025-12-25
226,56104,2022-03-17
226,113701,2023-10-17
226,143754,2025-09-17
227,51865,2020-10-05
227,77973,2021-10-05
227,154534,2023-06-05
227,275793,2025-01-05
228,54127,2019-12-20
228,87312,2021-11-20
228,111622,2023-09-20
228,157648,2025-05-20
229,126133,2024-10-03
230,111843,2024-12-13
231,117634,2023-09-14
231,198831,2024-10-14
231,315490,2025-10-14
232,120884,2021-11-24
232,155490,2023-09-24
232,240851,2025-06-24
233,65074,2016-03-07
233,128271,2017-07-07
233,193871,2018-07-07
233,286711,2019-10-07
233,368749,2020-12-07
233,599346,2022-06-07
233,910195,2023-06-07
233,1605869,2025-02-07
234,163931,2021-08-10
234,194757,2023-03-10
234,233921,2024-08-10
235,154724,2021-08-11
235,249877,2022-12-11
235,431749,2024-03-11
235,811327,2025-04-11
236,124259,2022-12-16
236,188302,2024-06-16
236,267420,2025-11-16
237,193181,2023-06-25
238,145142,2025-07-27
239,70215,2024-10-13
240,40005,2017-02-21
240,45707,2018-06-21
240,69000,2020-02-21
240,92253,2021-05-21
240,101593,2022-07-21
240,184372,2023-12-21
240,314820,2025-10-21
241,143122,2025-11-01
242,140442,2019-12-31
242,273232,2021-11-30
242,497632,2023-03-30
242,833722,2024-11-30
243,177686,2022-02-11
243,347781,2023-06-11
243,630615,2025-01-11
244,119521,2018-03-27
244,200824,2019-06-27
244,363002,2020-06-27
244,576087,2022-03-27
244,735279,2023-05-27
244,1126231,2024-06-27
244,2140354,2025-06-27
245,188339,2018-09-10
245,323430,2020-01-10
245,404297,2021-08-10
245,668179,2022-11-10
245,1183444,2024-10-10
245,2095717,2025-10-10
246,79218,2024-09-05
247,74397,2016-04-14
247,116096,2017-08-14
247,154890,2018-09-14
247,189764,2020-01-14
247,236143,2021-12-14
247,255702,2023-08-14
247,398527,2025-05-14
248,176984,2024-12-16
249,36551,2021-08-04
249,45358,2023-05-04
249,65933,2024-06-04
250,124593,2018-01-20
250,246862,2019-06-20
250,423527,2020-11-20
250,650790,2022-08-20
250,1053692,2023-11-20
250,1275003,2025-07-20
251,262675,2020-03-24
251,473555,2022-02-24
251,838385,2023-11-24
251,1193652,2025-07-24
252,277023,2020-01-18
252,424826,2021-08-18
252,739489,2022-09-18
252,1253330,2024-03-18
252,2272116,2025-07-18
253,122070,2017-06-13
253,219992,2019-04-13
253,412546,2020-11-13
253,447602,2022-09-13
253,607839,2023-10-13
253,1126968,2025-01-13
253,1651414,2026-01-13
254,109041,2016-07-23
254,141286,2018-01-23
254,231784,2019-01-23
254,328890,2020-07-23
254,385095,2022-04-23
254,405549,2023-06-23
254,545262,2025-05-23
255,210437,2016-03-24
255,370407,2018-01-24
255,730247,2019-09-24
255,961788,2021-03-24
255,1907052,2022-07-24
255,3709667,2023-12-24
255,5713456,2025-11-24
256,100245,2020-07-06
256,108415,2021-11-06
256,136265,2022-12-06
256,199193,2024-08-06
257,59079,2020-09-02
257,66818,2021-09-02
257,128947,2023-03-02
257,211119,2024-11-02
258,110017,2025-09-24
259,132370,2023-11-10
259,240870,2025-06-10
260,83367,2020-07-13
260,87833,2022-04-13
260,128659,2023-09-13
260,186477,2024-10-13
260,247443,2025-10-13
261,113477,2021-01-21
261,146293,2022-08-21
261,248637,2023-08-21
261,432301,2025-07-21
262,44683,2016-02-20
262,73158,2017-11-20
262,108735,2018-11-20
262,201205,2020-09-20
262,255727,2022-07-20
262,494531,2023-09-20
262,632746,2025-07-20
263,88651,2024-02-12
263,120252,2025-11-12
264,39614,2018-12-07
264,65009,2020-03-07
264,95638,2021-09-07
264,159528,2023-06-07
264,230655,2025-01-07
265,125142,2019-05-05
265,153938,2020-05-05
265,291558,2021-07-05
265,433508,2023-05-05
265,731793,2024-12-05
266,77125,2017-09-28
266,147875,2018-12-28
266,155951,2020-11-28
266,268956,2022-06-28
266,355157,2023-12-28
266,683027,2024-12-28
267,78862,2025-12-29
268,102703,2018-04-09
269,109617,2020-12-15
269,140201,2022-01-15
269,179462,2023-11-15
270,89257,2023-07-30
270,108960,2025-03-30
271,161160,2025-03-14
272,65508,2020-05-18
272,106716,2022-02-18
272,206794,2023-12-18
272,397804,2024-12-18
273,56449,2025-12-09
274,103950,2023-12-01
274,133879,2025-08-01
275,102795,2024-04-17
276,61239,2017-09-21
276,116195,2018-11-21
276,223376,2020-09-21
276,403649,2022-01-21
276,804132,2023-05-21
276,1153966,2024-12-21
277,56405,2020-08-27
277,92855,2021-12-27
277,111237,2023-07-27
277,184165,2025-02-27
278,62877,2025-03-27
279,80262,2024-04-13
279,83755,2025-08-13
280,220262,2023-10-15
280,395863,2025-09-15
281,146083,2025-01-05
282,169733,2019-06-14
282,292623,2021-02-14
282,424211,2022-07-14
282,571622,2023-09-14
282,753288,2025-06-14
283,110610,2023-12-01
283,153643,2024-12-01
284,57863,2016-03-06
284,103745,2018-02-06
284,187824,2019-08-06
284,278321,2020-09-06
284,435298,2021-10-06
284,574111,2022-11-06
284,686663,2024-05-06
285,248376,2025-02-27
286,76529,2017-01-20
286,128688,2018-04-20
286,149448,2019-11-20
286,203379,2021-08-20
286,226478,2022-10-20
286,347531,2024-08-20
287,79821,2016-12-07
287,148284,2018-02-07
287,261278,2019-08-07
287,305848,2021-07-07
287,439873,2022-07-07
287,627961,2024-04-07
287,858968,2025-06-07
288,91071,2024-02-07
288,158650,2025-05-07
289,66614,2022-08-11
289,86179,2023-10-11
289,97946,2025-04-11
290,271729,2024-05-06
290,513490,2025-06-06
291,136958,2018-09-05
291,271484,2020-03-05
291,426980,2021-11-05
291,515351,2022-11-05
291,777005,2024-03-05
291,1336228,2025-10-05
292,113460,2020-01-24
292,170187,2021-04-24
292,195270,2022-12-24
292,325100,2024-06-24
292,453291,2025-06-24
293,67631,2020-03-20
293,115037,2021-06-20
293,161694,2022-07-20
293,189432,2023-09-20
293,321312,2025-07-20
294,41021,2026-01-23
295,71395,2024-10-27
296,57249,2024-12-29
297,216436,2017-08-15
297,382424,2019-07-15
297,759424,2020-11-15
297,1080402,2022-01-15
297,1386631,2023-09-15
297,2094782,2025-05-15
298,94593,2021-05-20
298,149822,2022-05-20
298,276357,2023-09-20
298,343103,2024-12-20
299,160471,2023-09-05
300,146665,2020-03-17
300,230144,2022-01-17
300,293329,2023-12-17
300,491418,2025-05-17
301,174246,2025-05-25
302,141284,2023-08-04
302,268687,2024-12-04
303,143708,2021-03-18
303,243162,2022-11-18
303,392767,2024-09-18
304,73787,2021-11-02
304,98638,2023-02-02
304,149150,2024-02-02
304,208119,2025-03-02
305,165887,2022-05-12
305,294179,2024-02-12
305,464990,2025-04-12
306,47391,2025-12-06
307,50321,2022-04-29
307,57240,2023-12-29
307,99880,2025-03-29
308,51005,2023-10-23
308,56711,2025-04-23
309,61907,2022-02-20
309,82912,2023-11-20
309,129248,2025-04-20
310,151875,2017-11-11
310,264843,2019-10-11
310,463102,2020-10-11
310,622083,2022-05-11
310,864340,2023-10-11
310,1404360,2024-12-11
311,92715,2025-07-05
312,83072,2019-06-08
312,143098,2020-11-08
312,242880,2022-10-08
312,473496,2023-12-08
312,805232,2024-12-08
313,78891,2021-09-22
313,137094,2022-09-22
313,203415,2023-10-22
313,237490,2024-11-22
314,109754,2017-09-12
314,205490,2018-10-12
314,316206,2019-11-12
314,512659,2021-04-12
314,988878,2023-01-12
314,1391865,2024-04-12
314,1869274,2026-01-12
315,60664,2021-04-09
315,112818,2022-12-09
315,134244,2024-05-09
315,186879,2025-08-09
316,162363,2019-05-26
316,251602,2020-11-26
316,480922,2022-02-26
316,708705,2023-12-26
316,932723,2024-12-26
317,42547,2022-08-08
317,58919,2024-07-08
317,72366,2025-08-08
318,44664,2018-03-06
318,80304,2019-04-06
318,112732,2021-01-06
318,169429,2022-05-06
318,203630,2023-07-06
318,240955,2025-02-06
319,223551,2025-02-22
320,198707,2019-11-29
320,341834,2021-07-29
320,462684,2022-09-29
320,587248,2023-12-29
320,998346,2025-11-29
321,211413,2017-08-18
321,314777,2018-08-18
321,358405,2019-08-18
321,523116,2020-10-18
321,992106,2022-03-18
321,1335071,2023-08-18
321,2408033,2025-03-18
322,47803,2022-12-30
322,59385,2024-01-30
322,65074,2025-02-28
323,181999,2021-03-11
323,306220,2022-04-11
323,527528,2023-12-11
323,799926,2025-09-11
324,259440,2018-07-15
324,369888,2020-01-15
324,486635,2021-09-15
324,601279,2022-12-15
324,798654,2024-06-15
324,1298020,2025-08-15
325,93733,2023-06-01
325,165247,2024-06-01
326,85461,2024-05-10
326,91038,2025-11-10
327,63111,2022-07-07
327,98877,2024-03-07
327,119350,2025-05-07
328,199694,2022-08-23
328,221614,2024-03-23
328,286466,2026-01-23
329,86859,2018-10-02
329,145491,2020-02-02
329,246250,2021-10-02
329,352714,2022-11-02
329,419627,2024-06-02
330,120109,2022-03-02
330,152044,2023-07-02
330,224274,2025-01-02
331,103324,2017-06-25
331,174075,2018-07-25
331,181300,2020-03-25
331,263009,2021-12-25
331,441990,2022-12-25
331,524802,2024-05-25
331,837340,2025-05-25
332,71257,2025-06-18
333,44015,2018-12-23
333,79050,2020-10-23
333,137858,2022-03-23
333,266335,2023-11-23
333,352470,2025-03-23
334,70751,2020-03-14
334,74957,2021-06-14
334,97258,2023-05-14
334,152942,2025-01-14
335,129619,2018-05-26
335,135229,2019-10-26
335,150025,2020-10-26
335,170082,2022-06-26
335,215256,2023-07-26
335,403517,2024-11-26
336,148099,2016-08-28
336,190642,2018-05-28
336,368244,2019-12-28
336,439010,2020-12-28
336,758178,2022-03-28
336,1343609,2023-09-28
336,2166601,2025-06-28
337,85505,2019-12-17
337,171574,2021-10-17
337,194606,2023-07-17
337,267693,2025-04-17
338,186420,2021-09-19
338,297477,2023-03-19
338,536556,2024-07-19
339,106627,2024-03-14
339,138111,2025-12-14
340,67600,2022-02-05
340,75509,2023-02-05
340,138959,2024-06-05
340,217509,2025-06-05
341,130210,2016-02-21
341,228952,2017-11-21
341,397443,2019-07-21
341,517647,2021-03-21
342,84727,2024-12-20
343,151022,2018-05-16
343,274232,2019-05-16
343,435164,2020-05-16
343,450505,2021-08-16
343,718008,2023-03-16
343,985819,2024-03-16
343,1229221,2025-07-16
344,135974,2019-10-03
344,170589,2021-06-03
344,273454,2022-06-03
344,469406,2024-02-03
344,606517,2025-12-03
345,45549,2017-08-17
345,87324,2019-03-17
345,175821,2021-02-17
345,334666,2022-04-17
345,380859,2023-04-17
345,456611,2024-08-17
345,812149,2025-12-17
346,94703,2018-03-02
346,116781,2019-12-02
346,155281,2021-04-02
346,240515,2022-04-02
346,470106,2024-02-02
347,48503,2022-12-22
347,66152,2024-05-22
347,84562,2025-08-22
348,61350,2023-08-12
348,91893,2024-12-12
349,93462,2024-02-15
349,143108,2025-08-15
350,120713,2022-03-15
350,222339,2023-09-15
350,372968,2024-12-15
351,141945,2025-11-29
352,197636,2021-09-04
352,398142,2023-07-04
353,51973,2018-08-10
353,78086,2020-07-10
353,143867,2021-11-10
353,269566,2023-03-10
353,414241,2024-06-10
353,636605,2025-08-10
354,170148,2023-02-16
354,210281,2024-11-16
355,98282,2020-07-18
355,185224,2021-10-18
355,345724,2023-04-18
355,451671,2024-12-18
356,71838,2019-09-12
356,114606,2021-04-12
356,167502,2022-12-12
356,285285,2024-06-12
356,385410,2025-09-12
357,53473,2021-01-07
357,64639,2022-06-07
357,87833,2024-04-07
358,159593,2019-06-12
358,306286,2020-07-12
358,584066,2021-12-12
358,820091,2023-08-12
358,1362655,2025-01-12
359,271616,2018-04-25
359,415129,2019-04-25
359,570950,2020-07-25
359,781275,2021-09-25
359,1123679,2023-06-25
359,1960513,2025-03-25
360,185427,2023-04-26
360,193083,2025-01-26
360,234873,2026-01-26
361,163893,2019-06-08
361,271685,2021-03-08
361,385657,2022-09-08
361,508546,2024-03-08
361,1026796,2025-08-08
362,101772,2023-03-01
362,162040,2024-03-01
362,199137,2025-08-01
363,95396,2017-06-30
363,175307,2018-07-30
363,300162,2019-11-30
363,595564,2021-06-30
363,954788,2022-08-30
363,1720718,2023-12-30
363,3095916,2025-07-30
364,91156,2021-08-06
364,168311,2022-10-06
364,205615,2024-06-06
364,407136,2025-06-06
365,102450,2024-12-17
366,129341,2019-12-10
366,169704,2021-11-10
366,311737,2023-07-10
366,514556,2024-09-10
366,961329,2025-10-10
367,83095,2017-04-30
367,162528,2019-03-30
367,272167,2020-09-30
367,435493,2021-11-30
367,561331,2023-03-30
367,927337,2024-05-30
367,1801547,2026-01-30
368,97056,2023-06-08
368,136506,2024-11-08
369,52387,2022-06-28
369,81609,2023-06-28
369,152895,2024-07-28
370,288816,2018-08-28
370,483031,2020-03-28
370,525453,2021-11-28
370,659404,2023-02-28
370,808415,2024-10-28
371,179127,2020-05-04
371,196156,2021-06-04
371,279588,2022-11-04
371,364578,2024-05-04
371,691963,2025-07-04
372,69576,2020-07-01
372,82684,2021-09-01
372,123500,2022-10-01
372,129605,2024-01-01
372,231126,2025-08-01
373,136299,2023-08-11
373,165894,2025-05-11
374,54803,2022-04-02
374,97936,2023-10-02
374,173503,2025-06-02
375,111691,2016-12-14
375,194372,2018-05-14
375,285910,2019-07-14
375,465927,2021-01-14
375,621802,2022-09-14
375,744287,2024-06-14
375,895629,2026-01-14
376,141401,2024-12-25
377,68946,2020-07-08
377,113565,2021-12-08
377,209867,2023-08-08
377,386468,2024-12-08
378,224372,2018-05-29
378,316186,2019-10-29
378,523196,2021-09-29
378,590690,2023-01-29
378,715679,2024-03-29
378,890502,2025-03-29
379,121106,2024-07-20
379,186460,2026-01-20
380,192705,2019-03-07
380,294249,2020-03-07
380,492325,2021-08-07
380,785570,2023-06-07
380,1518587,2024-08-07
380,2257018,2025-11-07
381,179416,2018-06-12
381,254608,2019-08-12
381,424292,2021-06-12
381,543849,2022-06-12
381,1028715,2024-04-12
382,180082,2026-01-29
383,163848,2020-11-15
383,315264,2022-05-15
384,97355,2018-12-10
384,125659,2019-12-10
384,243735,2021-02-10
384,296873,2022-07-10
384,553958,2023-09-10
384,648121,2025-05-10
385,57935,2016-07-25
385,111587,2018-04-25
385,138240,2020-01-25
385,236436,2021-02-25
385,376945,2022-08-25
385,575183,2024-03-25
385,1067809,2025-04-25
386,219647,2019-05-28
386,304728,2021-02-28
386,535094,2022-10-28
386,924949,2023-11-28
386,1707327,2025-05-28
387,81706,2023-12-30
387,133633,2025-08-30
388,68723,2024-02-18
388,134785,2025-08-18
389,89865,2019-04-07
389,118785,2021-01-07
389,189999,2022-01-07
389,374299,2023-06-07
389,694610,2024-12-07
389,933185,2026-01-07
390,127261,2017-11-15
390,144952,2018-12-15
390,209203,2020-05-15
390,419717,2022-03-15
390,442889,2023-10-15
390,661439,2025-01-15
391,299602,2024-04-26
391,398877,2025-09-26
392,62007,2018-06-30
392,112960,2020-02-29
392,131706,2021-02-28
392,266807,2022-12-28
392,385738,2024-08-28
392,507262,2025-09-28
393,123639,2023-09-22
393,138446,2025-04-22
394,64759,2023-11-13
394,97653,2025-07-13
395,37529,2022-08-03
395,39995,2024-04-03
395,77961,2025-06-03
396,83840,2016-05-01
396,113540,2017-11-01
396,144062,2019-04-01
396,263508,2020-07-01
396,509673,2022-02-01
396,667374,2024-01-01
396,1026004,2025-07-01
397,140206,2023-01-25
397,212579,2024-01-25
397,311444,2025-07-25
398,118733,2022-06-06
398,127465,2023-07-06
398,162987,2024-12-06
399,154670,2016-09-20
399,273257,2018-06-20
399,479694,2020-01-20
399,654535,2021-09-20
399,793160,2022-11-20
399,1367440,2023-12-20
399,2351558,2025-02-20
400,85602,2021-04-30
400,128563,2023-03-30
400,238557,2024-05-30
400,311434,2025-06-30
401,51259,2025-08-22
402,121346,2025-07-25
403,284467,2025-04-26
404,175361,2024-04-05
404,223333,2026-02-05
405,67056,2018-08-11
405,109190,2020-02-11
405,216339,2021-09-11
405,401124,2023-05-11
405,603864,2024-06-11
405,858570,2025-06-11
406,40560,2023-05-21
406,72787,2024-09-21
407,124661,2019-10-06
407,243372,2021-03-06
407,380337,2022-03-06
407,691314,2023-06-06
407,904985,2025-02-06
408,45942,2024-06-25
409,342780,2018-12-16
409,620684,2020-06-16
409,1207545,2022-02-16
409,2159796,2023-12-16
409,3531563,2025-11-16
410,43834,2021-11-13
410,47715,2022-12-13
410,71258,2024-09-13
411,51348,2024-03-13
412,83814,2026-01-03
413,232021,2020-08-27
413,358398,2022-06-27
413,693760,2023-09-27
413,956123,2025-01-27
414,60978,2018-11-11
414,100237,2020-09-11
414,171891,2022-04-11
414,190452,2023-10-11
414,250736,2024-11-11
415,87368,2024-12-18
416,134546,2021-02-24
416,191266,2022-12-24
416,324202,2024-06-24
417,190395,2018-02-06
417,353657,2019-06-06
417,618139,2020-11-06
417,762036,2022-09-06
417,1183484,2023-09-06
417,1814735,2025-01-06
418,97800,2016-10-29
418,157711,2018-03-29
418,251159,2019-11-29
418,301513,2021-03-29
418,407942,2022-05-29
418,534520,2023-06-29
418,1009490,2024-08-29
419,272974,2020-04-29
419,360448,2021-07-29
419,666453,2023-02-28
419,1299781,2024-04-28
419,1746926,2025-07-28
420,61776,2022-04-22
420,110349,2023-08-22
420,153662,2025-04-22
421,103855,2016-08-21
421,139432,2018-07-21
421,234214,2019-07-21
421,270947,2020-12-21
421,469035,2022-11-21
421,627325,2023-11-21
421,1252752,2025-07-21
422,74162,2024-02-15
422,147816,2025-09-15
423,156721,2018-06-06
423,161908,2020-05-06
423,318256,2021-07-06
423,578179,2022-12-06
423,1013522,2024-02-06
424,185080,2026-01-09
425,153192,2019-08-31
425,303263,2021-04-30
425,473114,2023-01-30
425,814071,2024-02-29
425,1132940,2025-12-29
426,75205,2018-02-18
426,107820,2019-03-18
426,131077,2021-01-18
426,173028,2022-01-18
426,215342,2023-01-18
426,257595,2024-05-18
426,360217,2025-09-18
427,89311,2019-06-27
427,122507,2020-07-27
427,221701,2021-07-27
427,368543,2023-04-27
427,534497,2025-02-27
428,42937,2022-05-23
428,76265,2023-07-23
428,88139,2024-07-23
428,120365,2025-12-23
429,158646,2023-10-17
429,266979,2025-04-17
430,254690,2020-07-08
430,335606,2021-10-08
430,657509,2023-04-08
430,887435,2024-12-08
431,98974,2022-09-07
431,161620,2023-09-07
431,286188,2025-01-07
432,121295,2016-07-18
432,193883,2017-07-18
432,226199,2018-07-18
432,370886,2019-09-18
432,561715,2020-11-18
432,806001,2022-03-18
432,857203,2023-10-18
432,1164303,2025-04-18
433,141556,2025-02-27
434,247367,2025-10-16
435,308410,2019-06-09
435,393334,2020-11-09
435,512735,2022-05-09
435,917531,2023-05-09
435,1582668,2025-01-09
436,157694,2022-10-27
436,205600,2023-11-27
436,285188,2025-05-27
437,84948,2022-07-04
437,148948,2024-04-04
437,239338,2026-02-04
438,148504,2021-01-07
439,120747,2022-07-05
439,237689,2023-09-05
439,294257,2024-10-05
440,195961,2025-12-05
441,73270,2021-03-21
441,129399,2022-06-21
441,258569,2023-08-21
441,437943,2024-10-21
441,736673,2025-10-21
442,224615,2018-03-22
442,313515,2020-02-22
442,543963,2021-06-22
442,979999,2023-02-22
442,1861424,2024-06-22
442,2230667,2025-06-22
443,88754,2025-01-26
444,56925,2017-07-10
444,110769,2018-10-10
444,209923,2019-10-10
444,409890,2020-12-10
444,585197,2022-08-10
444,699832,2024-05-10
445,161519,2023-04-27
445,289563,2024-12-27
446,42874,2023-06-27
446,54774,2024-07-27
447,76766,2018-12-20
447,146659,2020-08-20
447,214446,2022-01-20
447,373840,2023-10-20
447,480205,2024-11-20
448,213018,2024-01-07
448,345131,2025-10-07
449,99186,2022-12-27
449,161881,2024-04-27
450,192774,2020-07-26
450,327081,2021-09-26
450,374570,2023-01-26
450,675464,2024-11-26
451,96435,2020-08-25
451,103178,2022-07-25
451,152925,2024-04-25
451,170483,2025-09-25
452,138876,2019-11-18
452,255596,2020-12-18
452,311701,2022-02-18
452,460248,2023-05-18
452,530242,2024-12-18
453,228878,2021-02-03
453,374802,2022-12-03
453,476077,2024-03-03
453,687661,2025-08-03
454,108765,2024-10-26
455,109359,2024-09-01
456,77847,2016-05-09
456,103362,2017-10-09
456,179765,2019-05-09
456,268872,2020-05-09
456,310854,2021-09-09
456,609643,2023-01-09
456,1222285,2024-02-09
456,2410385,2026-01-09
457,204986,2016-05-21
458,50037,2020-03-28
458,85227,2021-04-28
458,103434,2022-06-28
458,193211,2023-11-28
458,333442,2025-04-28
459,135171,2023-06-04
459,211956,2024-07-04
460,177131,2017-07-06
460,208530,2018-12-06
460,299890,2020-02-06
460,497787,2021-04-06
460,701275,2022-06-06
460,1030117,2023-08-06
460,2019010,2024-11-06
460,3097659,2025-11-06
461,191115,2025-09-28
462,101655,2019-02-04
462,145650,2020-09-04
462,177924,2022-02-04
462,274803,2023-10-04
462,532729,2025-01-04
463,295806,2024-12-01
464,80860,2023-06-30
464,86094,2025-02-28
465,166705,2020-01-23
465,278340,2021-07-23
465,557922,2022-10-23
465,1094019,2024-02-23
465,1865382,2025-08-23
466,105812,2020-06-29
466,201847,2021-08-29
466,251144,2023-04-29
466,316102,2024-05-29
467,90392,2016-06-30
467,98208,2017-07-30
467,192696,2019-02-28
467,306458,2020-10-28
467,439979,2021-10-28
467,883138,2023-02-28
467,1055739,2024-02-28
467,1355016,2025-08-28
468,134354,2016-02-16
468,227366,2017-10-16
468,318313,2019-08-16
468,603976,2021-02-16
468,644041,2022-02-16
468,806967,2023-08-16
468,1542077,2024-10-16
468,2948701,2026-01-16
469,55898,2019-02-02
469,66865,2020-12-02
469,123829,2022-10-02
469,183520,2024-09-02
469,346035,2025-11-02
470,41644,2022-03-06
470,75568,2023-08-06
470,147964,2024-09-06
471,91972,2024-08-14
471,119494,2025-11-14
472,213305,2022-12-04
472,371733,2023-12-04
472,463484,2025-01-04
473,138122,2019-03-18
473,279443,2020-04-18
473,382575,2022-01-18
473,625459,2023-08-18
473,910794,2024-12-18
474,166387,2024-04-29
474,328645,2025-09-29
475,80603,2018-06-21
475,117377,2019-08-21
475,126842,2020-09-21
475,133011,2022-01-21
475,161153,2023-03-21
475,309744,2024-06-21
475,336049,2025-07-21
476,169443,2022-03-19
476,212256,2024-02-19
476,335888,2025-07-19
477,48760,2025-10-14
478,158657,2019-11-20
478,215084,2020-12-20
478,356209,2022-10-20
478,505917,2024-08-20
478,949435,2026-01-20
479,69679,2020-03-23
479,95161,2021-09-23
479,161171,2022-10-23
479,273182,2024-05-23
479,365448,2025-07-23
480,78132,2020-09-19
480,142019,2022-02-19
480,173927,2024-01-19
480,284969,2025-05-19
481,247372,2019-07-08
481,329805,2020-12-08
481,424452,2022-02-08
481,739538,2023-09-08
481,1048769,2024-10-08
481,1758107,2026-01-08
482,60390,2024-05-22
483,66230,2021-08-02
483,110040,2023-07-02
483,217319,2024-09-02
484,56586,2019-07-05
484,95164,2021-06-05
484,147018,2023-05-05
484,274165,2024-10-05
485,136461,2022-10-14
485,264437,2024-04-14
485,433347,2025-05-14
486,82855,2019-02-14
486,109527,2020-11-14
486,152709,2022-04-14
486,233373,2023-11-14
486,277579,2025-09-14
487,50221,2024-05-28
487,61360,2025-06-28
488,121460,2019-10-24
488,233955,2020-11-24
488,337974,2022-04-24
488,620727,2023-07-24
488,817078,2025-06-24
489,77208,2018-11-10
489,142549,2020-06-10
489,262298,2021-11-10
489,337209,2023-07-10
489,581322,2025-02-10
490,121001,2023-08-04
490,241452,2025-02-04
491,75082,2016-10-29
491,105530,2018-05-29
491,143959,2020-02-29
491,209308,2021-12-29
491,297819,2022-12-29
491,347862,2024-05-29
491,543819,2025-07-29
492,51626,2023-07-17
492,61744,2024-12-17
492,64540,2025-12-17
493,280095,2016-09-02
493,471826,2018-07-02
493,880537,2019-08-02
493,1160251,2020-09-02
493,1391604,2022-08-02
493,1501355,2023-12-02
493,2977946,2025-10-02
494,204999,2019-03-23
494,259589,2021-02-23
494,286989,2022-09-23
494,522277,2024-07-23
494,580655,2025-09-23
495,95068,2017-03-20
495,112810,2018-06-20
495,203575,2019-11-20
495,264057,2021-05-20
495,423442,2023-04-20
495,740657,2024-10-20
495,868346,2025-11-20
496,210151,2022-05-25
496,237056,2024-01-25
496,431647,2025-04-25
497,176015,2022-06-12
497,252748,2024-02-12
497,326734,2025-05-12
498,134378,2025-07-10
499,91259,2021-07-10
499,115206,2023-01-10
499,126416,2024-09-10
500,99574,2021-10-22
500,193041,2023-07-22
500,201278,2025-02-22
501,121980,2020-05-11
501,209232,2022-02-11
501,405141,2023-09-11
501,420930,2025-08-11
502,42080,2018-08-13
502,48470,2019-09-13
502,97402,2021-07-13
502,137156,2023-01-13
503,51890,2018-02-28
503,92387,2019-12-28
503,175408,2021-08-28
503,254874,2023-02-28
503,292455,2025-01-28
504,132392,2022-02-11
505,60499,2016-12-15
505,107723,2018-02-15
505,182517,2019-08-15
505,235321,2020-10-15
505,314107,2022-01-15
505,547721,2023-01-15
505,989015,2024-08-15
506,348218,2018-03-30
506,543688,2020-01-30
506,965746,2021-07-30
506,1428979,2022-12-30
506,1792426,2024-08-30
506,3198353,2025-09-30
507,61953,2023-01-05
507,100838,2024-05-05
507,199305,2025-08-05
508,103248,2022-12-16
508,107963,2024-03-16
508,117759,2025-07-16
509,235667,2019-08-10
509,444454,2020-11-10
509,831038,2022-03-10
509,1355162,2023-08-10
509,1608357,2025-03-10
510,99688,2020-11-09
510,139563,2022-01-09
510,279435,2023-11-09
510,399114,2024-12-09
510,668639,2026-01-09
511,111360,2022-07-26
511,192372,2023-09-26
511,371882,2025-01-26
512,51972,2023-05-19
512,78401,2024-10-19
513,128693,2025-03-21
514,200886,2018-06-19
514,279717,2019-08-19
514,386259,2021-03-19
514,693873,2022-11-19
514,931595,2024-03-19
514,1080521,2026-01-19
515,47426,2023-05-28
515,64574,2024-05-28
515,98648,2025-08-28
516,75016,2020-11-21
516,86735,2022-08-21
516,114205,2023-12-21
516,200410,2025-10-21
517,112106,2018-01-31
517,179813,2019-12-31
517,223806,2021-06-30
517,387757,2022-10-30
517,642533,2024-09-30
518,69823,2019-03-05
518,80039,2020-05-05
518,85863,2021-06-05
518,147394,2023-05-05
518,192565,2025-02-05
519,71096,2016-06-12
519,120070,2018-04-12
519,189059,2019-05-12
519,322132,2020-05-12
519,434488,2021-08-12
519,676866,2023-01-12
519,988582,2024-08-12
520,186108,2024-04-03
521,143366,2023-12-30
521,157800,2025-11-30
522,49769,2025-12-04
523,98873,2019-06-10
523,139597,2020-06-10
524,76226,2021-02-25
524,113356,2022-05-25
524,197878,2024-01-25
524,383500,2025-12-25
525,83032,2017-10-11
525,153657,2018-10-11
525,243688,2019-11-11
525,261610,2020-11-11
525,437181,2022-05-11
525,467087,2024-01-11
525,602055,2025-08-11
526,144103,2016-09-23
526,204078,2018-06-23
526,228072,2019-10-23
526,328124,2021-09-23
526,621250,2023-08-23
526,935107,2025-03-23
527,70837,2016-11-21
527,91295,2018-03-21
527,102011,2020-01-21
527,169551,2021-04-21
527,328617,2022-11-21
527,640004,2024-05-21
527,1256203,2025-09-21
528,78538,2023-05-04
528,103521,2025-01-04
529,199161,2018-09-09
529,239783,2020-05-09
529,298228,2021-07-09
529,577571,2023-02-09
530,77628,2023-06-30
530,139306,2025-05-30
531,131957,2021-07-20
531,139192,2022-08-20
531,172123,2024-04-20
531,211404,2025-11-20
532,134183,2022-06-12
532,208268,2024-02-12
532,242722,2025-05-12
533,125863,2017-08-25
533,145942,2018-10-25
533,224001,2020-06-25
533,267990,2022-03-25
533,358745,2023-08-25
533,685384,2025-02-25
534,123402,2018-04-02
534,204749,2019-07-02
534,325552,2020-09-02
534,594370,2021-11-02
534,1118672,2023-06-02
534,1364144,2025-04-02
535,137108,2019-09-17
535,242556,2021-04-17
535,381569,2022-10-17
535,706108,2023-10-17
535,1309283,2025-02-17
536,47566,2019-08-03
536,70132,2020-08-03
536,119578,2021-08-03
536,155197,2022-10-03
536,241174,2024-07-03
537,60991,2020-07-29
537,121797,2022-01-29
537,173674,2023-12-29
537,221121,2025-10-29
538,66138,2025-03-17
539,109252,2020-01-22
539,177899,2021-01-22
539,295352,2022-10-22
539,326862,2024-04-22
539,553221,2025-12-22
540,56115,2017-02-26
540,64741,2018-09-26
540,129395,2020-01-26
540,153619,2021-12-26
540,254282,2023-06-26
540,284927,2024-12-26
540,309483,2026-01-26
541,74960,2025-04-27
542,278931,2024-05-14
543,60945,2018-10-15
543,119016,2020-07-15
543,131256,2022-04-15
543,224695,2023-12-15
543,284275,2025-10-15
544,127089,2023-06-29
544,175805,2024-07-29
544,186420,2025-08-29
545,297324,2018-11-23
545,340723,2020-01-23
545,658298,2021-04-23
545,934015,2022-07-23
545,1828151,2023-11-23
545,2417554,2025-08-23
546,171232,2017-06-08
546,331875,2018-09-08
546,636961,2019-09-08
546,1080894,2020-12-08
546,1597820,2022-04-08
547,75871,2025-09-28
548,71670,2019-10-10
548,122402,2020-12-10
548,187624,2022-06-10
548,315747,2023-07-10
548,358674,2024-11-10
548,417200,2026-01-10
549,120640,2025-02-02
550,70500,2018-01-06
551,51853,2024-11-02
552,100439,2024-08-19
553,88232,2016-05-18
553,123484,2017-10-18
553,211826,2019-01-18
553,361155,2020-08-18
553,696200,2022-07-18
553,727159,2024-04-18
554,76970,2023-01-26
554,150803,2024-06-26
554,219112,2026-01-26
555,159322,2023-02-28
555,190484,2024-02-28
555,271015,2025-02-28
556,56624,2022-11-14
556,82163,2024-03-14
556,109207,2025-08-14
557,129542,2023-07-26
557,250042,2024-08-26
557,315272,2026-01-26
558,144182,2021-01-05
558,259683,2022-01-05
558,290414,2023-12-05
558,513975,2025-02-05
559,123734,2025-08-31
560,100481,2024-08-05
560,124495,2025-10-05
561,65169,2022-08-27
561,117407,2023-12-27
561,213515,2025-07-27
562,48712,2019-09-25
562,51838,2021-08-25
563,78918,2022-03-22
563,153440,2023-03-22
563,280944,2024-05-22
563,473903,2025-11-22
564,76315,2024-03-07
564,153108,2025-05-07
565,78315,2021-07-17
565,119421,2022-07-17
565,164904,2023-12-17
565,288402,2025-02-17
566,76634,2019-09-03
566,95700,2020-11-03
566,185281,2022-08-03
566,288587,2024-04-03
567,41341,2017-08-02
567,54766,2019-05-02
567,103789,2021-04-02
567,131729,2022-06-02
567,255938,2024-03-02
567,279831,2025-07-02
568,210458,2017-03-04
568,239510,2018-03-04
568,339244,2020-02-04
568,471958,2021-12-04
568,536399,2023-07-04
568,1071699,2024-07-04
569,102678,2018-08-13
569,168791,2020-06-13
569,220148,2021-12-13
569,240414,2023-06-13
569,306959,2024-07-13
570,137608,2017-08-06
570,176973,2019-02-06
570,199467,2020-09-06
570,313718,2022-03-06
570,612142,2023-03-06
570,936511,2024-03-06
570,1068118,2025-08-06
571,95381,2024-01-29
571,189925,2025-03-29
572,196496,2023-03-11
572,245638,2024-04-11
572,344354,2025-04-11
573,242694,2025-08-19
574,53916,2017-01-05
574,69427,2018-09-05
574,102133,2020-06-05
574,196346,2021-06-05
574,346926,2023-01-05
574,676510,2024-12-05
575,62191,2017-11-30
575,64604,2019-02-28
575,104151,2020-05-28
575,205675,2022-03-28
575,317894,2023-09-28
575,413553,2025-07-28
576,73066,2025-04-26
577,130521,2020-07-14
577,187966,2022-06-14
577,329500,2023-10-14
577,648375,2025-09-14
578,87660,2016-05-17
578,135373,2018-01-17
578,153231,2019-12-17
578,174782,2021-02-17
578,334686,2022-08-17
578,368193,2023-10-17
578,558518,2025-01-17
579,66007,2016-04-27
579,86236,2017-07-27
579,96981,2019-03-27
579,108194,2020-08-27
579,218781,2022-05-27
579,261373,2023-10-27
579,502496,2025-09-27
580,160479,2024-02-26
580,205475,2025-05-26
581,224793,2016-02-11
581,396170,2017-03-11
581,434060,2018-12-11
581,598373,2019-12-11
581,683590,2021-11-11
581,902310,2022-11-11
581,1400358,2023-12-11
581,1567339,2024-12-11
581,1906503,2025-12-11
582,116962,2024-06-01
582,199986,2025-10-01
583,109897,2023-06-28
583,192652,2024-09-28
584,96599,2017-05-24
584,101196,2019-01-24
584,127616,2020-01-24
584,152662,2021-07-24
584,190996,2022-12-24
584,222712,2024-06-24
584,285551,2025-08-24
585,38645,2021-06-12
585,48815,2023-01-12
585,62733,2024-09-12
586,89666,2025-03-15
587,98245,2022-12-21
587,161373,2024-03-21
587,298372,2025-11-21
588,82859,2021-07-19
588,164635,2022-08-19
588,321582,2024-02-19
588,335813,2026-01-19
589,82601,2017-08-01
589,164096,2019-05-01
589,301048,2020-05-01
589,470767,2022-02-01
589,821631,2023-05-01
589,1361352,2025-03-01
590,124958,2020-09-03
590,223839,2022-03-03
590,355847,2023-09-03
590,611767,2025-04-03
591,81505,2018-02-13
591,158035,2019-03-13
591,206496,2020-04-13
591,414301,2022-02-13
591,482095,2023-04-13
591,720578,2024-12-13
592,69658,2024-09-04
592,109196,2026-01-04
593,41053,2016-02-22
593,67563,2017-08-22
593,92708,2018-11-22
593,117721,2020-07-22
593,184760,2022-06-22
593,248904,2023-10-22
593,308625,2025-01-22
594,133523,2020-09-30
594,221804,2021-10-30
594,248333,2023-09-30
594,327087,2024-12-30
595,79946,2017-05-07
595,105069,2019-03-07
595,134249,2021-01-07
595,222646,2022-01-07
595,241804,2023-10-07
595,402494,2025-08-07
596,89518,2022-11-07
596,118252,2024-06-07
596,185962,2025-09-07
597,109778,2019-12-16
597,187713,2021-08-16
597,263586,2022-08-16
597,307242,2023-10-16
597,524836,2024-12-16
597,694763,2025-12-16
598,188660,2023-10-02
598,337496,2025-03-02
599,104880,2018-08-04
599,137923,2020-05-04
599,254456,2022-03-04
599,497404,2024-02-04
599,694919,2025-08-04
600,128161,2025-02-15
601,91621,2018-09-10
601,151064,2019-09-10
601,225062,2020-12-10
601,336901,2022-07-10
601,498996,2023-08-10
601,724239,2025-05-10
602,125624,2019-07-03
602,241915,2020-12-03
602,448899,2022-02-03
602,863821,2023-02-03
602,1523470,2024-09-03
602,2665408,2025-11-03
603,91298,2016-06-25
603,158740,2017-11-25
603,310636,2019-05-25
603,563572,2021-01-25
603,830418,2022-09-25
603,1120788,2023-09-25
603,1858471,2024-12-25
604,56980,2021-01-18
604,85111,2022-03-18
604,142171,2023-08-18
604,283369,2025-03-18
605,314356,2016-10-27
605,537137,2018-03-27
605,562842,2019-07-27
605,781934,2021-06-27
605,1306053,2023-05-27
605,1408711,2024-12-27
606,206249,2023-09-16
606,391826,2025-05-16
607,75657,2026-01-21
608,99352,2020-01-20
608,190926,2021-01-20
608,296190,2022-12-20
608,402169,2024-11-20
609,178596,2023-09-15
609,313867,2025-05-15
610,95751,2018-02-20
610,115374,2019-02-20
610,185924,2020-03-20
610,206393,2021-05-20
610,225510,2022-07-20
610,395052,2023-12-20
610,509779,2025-10-20
611,44135,2022-08-10
611,82990,2024-04-10
611,90810,2025-11-10
612,67246,2017-07-21
612,128193,2019-01-21
612,159111,2020-07-21
612,281817,2022-05-21
612,340325,2024-04-21
612,464165,2025-06-21
613,92908,2018-04-04
613,132573,2019-07-04
613,225939,2021-03-04
613,356738,2022-06-04
613,396376,2023-12-04
613,763301,2025-03-04
614,188966,2021-11-28
614,233389,2023-10-28
614,424709,2025-08-28
615,142270,2022-01-22
615,155243,2023-03-22
615,183654,2025-01-22
616,100605,2026-01-20
617,78807,2018-09-29
617,132087,2020-07-29
617,192387,2021-12-29
617,294885,2023-09-29
617,369582,2025-07-29
618,126443,2025-04-17
619,83273,2016-05-15
619,146519,2017-06-15
619,278913,2019-02-15
619,427778,2020-12-15
619,558213,2022-07-15
619,875568,2024-01-15
619,1005806,2025-09-15
620,363006,2021-08-03
620,651755,2023-07-03
620,691493,2025-05-03
621,100085,2022-12-18
621,149749,2024-02-18
621,236245,2026-01-18
622,77956,2018-09-11
622,140607,2020-06-11
622,158164,2022-03-11
622,194414,2023-09-11
622,293364,2025-08-11
623,117490,2020-03-12
623,179227,2021-11-12
623,238481,2023-09-12
623,341951,2025-07-12
624,102058,2018-04-17
624,126896,2019-11-17
624,180719,2021-01-17
624,281857,2022-07-17
624,440978,2023-12-17
624,893820,2025-11-17
625,72048,2019-05-22
625,126171,2021-03-22
625,219588,2022-09-22
625,240907,2024-07-22
625,284934,2025-07-22
626,91270,2023-02-14
626,111897,2024-04-14
626,125540,2025-10-14
627,99695,2018-10-05
627,123662,2019-10-05
627,235967,2021-08-05
627,347617,2022-10-05
627,509747,2024-07-05
628,119034,2022-09-02
628,234510,2024-04-02
628,295202,2026-01-02
629,247129,2024-05-07
630,85438,2016-10-30
630,140358,2018-08-30
630,200445,2019-08-30
630,221629,2020-09-30
630,328469,2022-01-30
630,427954,2023-11-30
630,666102,2025-10-30
631,78929,2020-12-18
631,89735,2022-10-18
631,129048,2023-11-18
631,141183,2025-01-18
632,151987,2024-09-05
633,155709,2022-03-01
633,207643,2023-04-01
633,413518,2024-05-01
633,449081,2025-07-01
634,364945,2022-02-23
634,477528,2023-03-23
634,828852,2025-01-23
635,150424,2023-10-20
635,166225,2024-10-20
636,135523,2019-09-26
636,260196,2021-05-26
636,307322,2022-12-26
636,585358,2023-12-26
636,810064,2025-09-26
637,90527,2017-06-20
637,118974,2019-02-20
637,167578,2021-01-20
637,212990,2022-01-20
637,339228,2023-02-20
637,384659,2024-04-20
637,551769,2025-08-20
638,124392,2017-06-14
638,156054,2018-12-14
638,227507,2020-04-14
638,324051,2021-12-14
638,609305,2023-01-14
638,777082,2024-01-14
638,1532357,2025-08-14
639,93908,2025-03-28
640,162812,2018-04-26
640,294365,2020-03-26
640,389089,2022-02-26
640,539996,2023-04-26
640,620519,2024-04-26
640,1083545,2025-08-26
641,109435,2022-12-31
641,212950,2024-02-29
641,398908,2025-07-29
642,128576,2024-08-31
643,64360,2024-04-17
643,75179,2025-11-17
644,102808,2022-07-31
644,131334,2023-10-31
644,226115,2025-08-31
645,174868,2023-10-02
645,348958,2025-09-02
646,37972,2023-08-24
646,49076,2025-07-24
647,80910,2024-12-09
648,61878,2023-11-16
648,66081,2025-08-16
649,65520,2022-03-09
649,70590,2023-07-09
649,88811,2024-08-09
649,134143,2025-10-09
650,43495,2021-05-27
650,47785,2022-10-27
650,52631,2024-05-27
650,71996,2025-06-27
651,104005,2021-01-03
651,188097,2022-02-03
651,347291,2023-05-03
651,488232,2025-04-03
652,123751,2019-03-31
652,189401,2020-08-31
652,273183,2021-08-31
652,508463,2023-07-31
652,897870,2025-02-28
653,128472,2017-10-22
653,235545,2019-03-22
653,337416,2020-09-22
653,364737,2022-02-22
653,682899,2023-10-22
653,957821,2025-09-22
654,81191,2024-07-26
654,119310,2026-01-26
655,105090,2022-11-20
655,116534,2024-01-20
655,121620,2025-04-20
656,59524,2020-05-23
656,81415,2021-07-23
656,111012,2023-06-23
656,199020,2025-03-23
657,115045,2017-11-14
657,192370,2019-01-14
657,382802,2020-04-14
657,427205,2021-12-14
657,492232,2022-12-14
657,865884,2024-10-14
657,1062784,2026-01-14
658,86975,2017-09-10
658,125991,2018-12-10
658,229417,2020-09-10
658,278003,2022-04-10
658,534766,2023-11-10
658,661104,2025-07-10
659,66747,2018-09-02
659,92523,2020-06-02
659,124454,2022-01-02
659,181251,2023-02-02
659,195761,2024-08-02
660,69855,2016-12-08
660,139100,2017-12-08
660,227112,2019-06-08
660,372032,2021-03-08
660,520232,2022-04-08
660,984499,2023-11-08
660,1414721,2025-06-08
661,51126,2018-05-30
661,77214,2019-05-30
661,142477,2020-06-30
661,239865,2022-01-30
661,455149,2023-03-30
661,599381,2025-02-28
662,64661,2024-07-23
662,114537,2025-08-23
663,100455,2020-03-11
663,197314,2022-01-11
663,272953,2023-04-11
663,411656,2024-09-11
664,78803,2019-01-13
664,84617,2020-05-13
664,148751,2021-07-13
664,179777,2022-07-13
664,311959,2024-04-13
664,412459,2025-09-13
665,49888,2023-06-15
665,95284,2025-04-15
666,123570,2018-02-23
666,143675,2019-04-23
666,208041,2020-06-23
666,338070,2022-04-23
666,406530,2024-01-23
666,653080,2025-03-23
667,65591,2023-11-18
667,96210,2024-11-18
667,117381,2025-11-18
668,77128,2022-08-19
668,144686,2024-01-19
668,290808,2025-11-19
669,75390,2020-01-24
669,105786,2021-06-24
669,132462,2023-03-24
669,249073,2025-01-24
670,253625,2021-10-15
670,430164,2023-07-15
670,508582,2024-10-15
671,79669,2020-08-16
671,103237,2022-04-16
671,154766,2023-06-16
671,259594,2025-01-16
672,77904,2023-12-13
672,139147,2025-09-13
673,117812,2023-12-01
673,176640,2025-04-01
674,105651,2019-02-18
674,150166,2020-11-18
674,202462,2022-04-18
674,327052,2023-07-18
674,495116,2024-09-18
675,81746,2019-11-11
675,149909,2020-11-11
675,282847,2022-03-11
675,318321,2023-07-11
675,468074,2024-08-11
676,275897,2024-05-09
676,292978,2026-01-09
677,200404,2025-11-04
678,83127,2025-04-19
679,89153,2020-07-25
679,177382,2022-05-25
679,268336,2024-01-25
679,525989,2025-10-25
680,217460,2016-09-06
680,427100,2018-03-06
680,589991,2019-10-06
680,928072,2021-04-06
680,1442891,2022-04-06
680,1671772,2023-04-06
680,3337837,2024-09-06
681,135379,2019-11-09
681,241308,2021-06-09
681,459537,2023-05-09
681,875876,2024-11-09
681,1249260,2026-01-09
682,297548,2022-08-05
682,537552,2024-03-05
682,923251,2025-08-05
683,79941,2019-06-09
683,130950,2021-02-09
683,144921,2022-06-09
683,246971,2024-02-09
683,358488,2025-06-09
684,132621,2019-04-22
684,226799,2020-10-22
684,272090,2022-09-22
684,441409,2024-02-22
684,651779,2025-07-22
685,75724,2017-03-15
685,107571,2018-09-15
685,156270,2020-03-15
685,298524,2021-05-15
685,468275,2023-01-15
685,544842,2024-02-15
685,653559,2025-07-15
686,66903,2025-05-15
687,92013,2021-11-09
687,107406,2023-09-09
687,158444,2025-02-09
688,91511,2018-02-24
688,164994,2019-11-24
688,296117,2021-01-24
688,478276,2022-08-24
688,804775,2024-06-24
688,1511824,2025-07-24
689,45928,2024-06-12
689,87583,2025-12-12
690,241763,2022-11-21
690,295066,2024-08-21
691,66229,2021-02-07
691,131230,2022-12-07
691,204308,2024-03-07
691,254465,2025-10-07
692,104232,2023-06-30
692,211356,2024-06-30
692,303019,2025-06-30
693,119585,2019-02-22
693,135498,2021-01-22
693,236202,2022-03-22
693,330410,2023-05-22
693,460808,2024-11-22
694,147666,2018-10-02
694,246720,2019-11-02
694,414373,2021-10-02
694,704127,2023-09-02
694,1172906,2025-04-02
695,65357,2024-11-15
696,44260,2019-12-14
696,67304,2021-02-14
696,98288,2022-07-14
696,125908,2023-10-14
696,130805,2025-07-14
697,136861,2024-11-06
698,194354,2022-11-25
698,338854,2024-07-25
699,81787,2018-06-02
699,86801,2019-08-02
699,93924,2020-12-02
699,149475,2022-03-02
699,242291,2023-12-02
699,384295,2025-06-02
700,149653,2024-08-16
700,262777,2025-12-16
701,64756,2025-02-08
702,104355,2021-01-17
702,177257,2022-12-17
702,230758,2024-07-17
703,71214,2021-11-20
703,105217,2023-01-20
703,177359,2024-07-20
704,95867,2019-07-09
704,187955,2020-08-09
704,255067,2021-10-09
704,375716,2023-03-09
704,595990,2024-12-09
705,74980,2022-06-20
705,91775,2023-08-20
705,159636,2024-08-20
706,56351,2020-12-09
706,77115,2022-04-09
706,106418,2024-01-09
706,214534,2025-11-09
707,48872,2026-02-01
708,130933,2019-02-06
708,189476,2020-03-06
708,328866,2021-04-06
708,567695,2023-03-06
708,902339,2024-11-06
709,63787,2020-12-13
709,76357,2022-01-13
709,89734,2023-01-13
709,132007,2024-04-13
710,268982,2017-11-08
710,531219,2019-03-08
710,1077340,2020-10-08
710,1949559,2022-01-08
710,3922332,2023-10-08
710,5715792,2024-12-08
711,134208,2022-03-20
711,196300,2023-08-20
711,395475,2025-06-20
712,75816,2017-03-11
712,126648,2018-08-11
712,131607,2019-08-11
712,205386,2020-09-11
712,410440,2021-10-11
712,431553,2022-10-11
712,740875,2024-08-11
712,1338677,2025-09-11
713,83725,2020-05-20
713,123532,2021-06-20
713,201095,2023-04-20
713,337291,2025-02-20
714,175559,2018-04-27
714,241815,2019-05-27
714,486153,2020-06-27
714,606648,2022-01-27
714,946955,2023-03-27
714,1758987,2024-12-27
715,79650,2023-05-04
715,121242,2024-12-04
716,94823,2022-10-19
716,159641,2024-06-19
716,236038,2025-08-19
717,37390,2020-04-03
717,60486,2021-10-03
717,102762,2023-03-03
718,77775,2024-04-21
718,126990,2025-06-21
719,82389,2023-08-10
719,137564,2025-02-10
720,76927,2017-12-07
720,94611,2019-04-07
720,133546,2021-03-07
720,207874,2022-03-07
720,300755,2023-04-07
720,475875,2025-03-07
721,77445,2020-04-11
721,120794,2021-08-11
721,181009,2023-07-11
721,235546,2025-04-11
722,81990,2025-08-02
723,184588,2017-04-20
723,283496,2018-06-20
723,550004,2020-03-20
723,1105102,2021-07-20
723,1230519,2023-02-20
723,1940261,2024-05-20
723,2523640,2025-10-20
724,75448,2025-03-11
725,147758,2025-12-19
726,129715,2022-12-02
726,230124,2024-01-02
726,463382,2025-01-02
727,115127,2020-10-20
727,147260,2021-12-20
727,162726,2023-04-20
728,126321,2021-10-08
728,238739,2023-09-08
728,411234,2025-03-08
729,288711,2023-12-19
730,79953,2024-09-18
731,62834,2020-11-06
731,126199,2021-11-06
731,168976,2023-04-06
731,204561,2024-04-06
731,275729,2025-08-06
732,260993,2025-11-17
733,43380,2018-02-08
733,52553,2019-12-08
733,88097,2021-07-08
733,148124,2022-10-08
733,172628,2024-08-08
733,248209,2025-10-08
734,111694,2025-03-23
735,100819,2026-01-22
736,133995,2016-07-23
736,190620,2018-04-23
736,269454,2020-01-23
736,394086,2021-01-23
736,440554,2022-11-23
736,808693,2023-12-23
736,1442344,2025-07-23
737,142140,2025-10-16
738,138710,2022-04-08
738,245692,2023-12-08
738,460548,2025-09-08
739,167492,2021-10-25
739,319836,2023-04-25
739,504590,2024-07-25
740,83513,2023-08-04
740,145640,2025-02-04
741,73680,2017-05-21
741,95916,2018-07-21
741,113140,2020-01-21
741,132931,2021-09-21
741,245217,2022-12-21
741,362171,2024-11-21
742,93889,2025-08-30
743,74678,2019-02-15
743,92440,2020-03-15
743,115234,2021-10-15
743,203156,2022-12-15
743,357908,2024-09-15
744,158953,2025-03-04
745,118863,2016-03-19
745,157292,2018-02-19
745,285783,2019-02-19
745,465399,2020-06-19
745,731647,2021-12-19
745,1089631,2023-01-19
745,1946779,2024-09-19
745,2344062,2026-01-19
746,197650,2018-09-22
746,256902,2020-06-22
746,357860,2022-02-22
746,474581,2023-10-22
746,521931,2024-12-22
747,123790,2017-05-06
747,185370,2019-03-06
747,230553,2021-02-06
747,241071,2022-11-06
748,86506,2023-10-31
748,158077,2025-07-31
749,66275,2021-11-22
749,103093,2023-03-22
749,181694,2024-03-22
749,277419,2025-04-22
750,86605,2022-08-24
750,108945,2023-12-24
750,218016,2025-02-24
751,129821,2019-10-07
751,221823,2021-07-07
751,259551,2022-12-07
751,288693,2024-11-07
752,140610,2023-07-06
752,172031,2024-09-06
752,268661,2025-10-06
753,62569,2018-01-25
753,116977,2019-08-25
753,215675,2021-01-25
753,239787,2022-12-25
753,448821,2024-10-25
753,618108,2026-01-25
754,61671,2016-03-21
754,82080,2017-06-21
754,94170,2018-11-21
754,150765,2019-12-21
754,266259,2021-02-21
754,445801,2023-01-21
754,710180,2024-12-21
755,81481,2020-10-25
755,112235,2021-12-25
755,127792,2023-07-25
755,187056,2025-02-25
756,41628,2025-08-12
757,153197,2022-11-12
757,174050,2023-11-12
757,237365,2025-04-12
758,75892,2020-08-06
758,140357,2022-03-06
758,240572,2023-07-06
758,414458,2025-04-06
759,46025,2016-04-01
759,57190,2018-03-01
759,63949,2019-06-01
759,123103,2021-03-01
759,222890,2022-08-01
759,271528,2023-09-01
759,496809,2024-09-01
760,339873,2017-09-20
760,598279,2019-03-20
760,642455,2020-09-20
760,977101,2022-05-20
760,1376013,2024-04-20
760,2246470,2026-01-20
761,35617,2020-09-04
761,44525,2021-10-04
761,84522,2023-05-04
761,167979,2024-12-04
762,261537,2018-07-21
762,326611,2020-06-21
762,457426,2022-03-21
762,719554,2023-06-21
762,1293937,2024-11-21
763,267790,2024-05-27
763,362115,2026-01-27
764,73501,2017-10-04
764,97207,2019-06-04
764,159669,2020-12-04
764,268100,2022-05-04
764,518656,2024-03-04
764,784504,2025-06-04
765,155448,2022-08-30
765,169078,2023-12-30
765,270881,2025-02-28
766,165103,2024-11-15
766,237844,2026-01-15
767,112344,2019-11-12
767,215340,2021-02-12
767,291002,2022-03-12
767,325750,2024-02-12
767,386666,2025-03-12
768,147502,2021-04-15
768,223346,2023-02-15
768,285558,2024-02-15
768,500109,2025-06-15
769,141914,2019-10-22
769,272050,2021-05-22
769,515270,2022-06-22
769,873544,2024-03-22
770,270112,2017-03-10
770,379923,2018-07-10
770,712015,2019-08-10
770,1000516,2021-03-10
770,1796153,2022-11-10
770,3088158,2024-02-10
770,3590401,2025-04-10
771,92000,2018-02-06
771,156523,2019-10-06
771,274947,2021-07-06
771,474547,2022-07-06
771,817720,2024-02-06
771,1519314,2025-11-06
772,46110,2022-07-09
772,52608,2023-09-09
772,93023,2025-02-09
773,172768,2024-04-23
773,200612,2025-09-23
774,147989,2022-06-29
774,214372,2024-05-29
775,110299,2023-03-21
775,138216,2024-06-21
776,92207,2020-04-09
776,99556,2021-11-09
776,109455,2023-04-09
776,132855,2024-10-09
777,114152,2025-10-13
778,156928,2020-03-30
778,171324,2021-04-30
778,338065,2022-08-30
778,432382,2023-10-30
778,505926,2025-01-30
778,875410,2026-01-30
779,75449,2025-04-02
780,37298,2016-10-20
780,63053,2017-10-20
780,108939,2019-06-20
780,204871,2021-02-20
780,362093,2022-05-20
780,475753,2023-09-20
781,68961,2019-05-06
781,94000,2021-02-06
781,173113,2022-05-06
781,351298,2024-02-06
781,496518,2025-10-06
782,124560,2016-06-13
782,223158,2017-08-13
782,292597,2018-09-13
782,476252,2019-10-13
782,727015,2021-01-13
782,820374,2022-12-13
782,1251377,2024-10-13
783,150091,2019-10-23
783,190443,2020-12-23
783,248971,2022-11-23
783,438043,2024-02-23
783,522249,2025-06-23
784,81239,2021-01-04
784,117044,2022-06-04
784,218181,2023-07-04
784,306452,2024-08-04
785,98835,2022-12-27
785,140788,2024-05-27
786,112616,2016-12-29
786,126401,2017-12-29
786,210426,2018-12-29
786,303650,2020-01-29
786,459191,2021-06-29
786,612055,2023-01-29
786,718901,2024-08-29
786,1340359,2025-09-29
787,154768,2022-11-17
787,249343,2024-09-17
787,326464,2026-01-17
788,60425,2017-11-24
788,112405,2019-07-24
788,151666,2021-04-24
788,262183,2022-04-24
788,424665,2023-12-24
788,552976,2025-02-24
789,152365,2017-10-22
789,289294,2019-08-22
789,309585,2021-02-22
789,592578,2022-07-22
789,1077689,2023-12-22
789,1917181,2025-06-22
790,124121,2019-12-12
790,175180,2021-11-12
790,306341,2022-11-12
790,555179,2023-11-12
790,628545,2024-12-12
791,74071,2022-10-19
791,102773,2024-04-19
792,181880,2020-06-16
792,208157,2022-05-16
793,94917,2022-04-11
793,164090,2023-07-11
793,203215,2025-01-11
794,317417,2025-09-03
795,109091,2025-10-25
796,77777,2023-12-18
796,131944,2025-03-18
797,80900,2017-08-03
797,129276,2018-12-03
797,178266,2020-08-03
797,277876,2022-01-03
797,452842,2023-10-03
797,829993,2025-08-03
798,113894,2023-04-07
798,126029,2024-11-07
798,218155,2025-11-07
799,88903,2020-03-06
799,152974,2021-12-06
799,218526,2023-01-06
799,365973,2024-11-06
800,102964,2021-08-12
800,145236,2023-06-12
800,273353,2024-12-12
800,480764,2025-12-12
801,92062,2024-07-10
802,195143,2025-02-13
803,63514,2020-10-26
803,92794,2022-05-26
803,185712,2023-05-26
803,192360,2024-07-26
803,293942,2025-11-26
804,150254,2018-10-08
804,292676,2020-03-08
804,488101,2021-10-08
804,945313,2023-03-08
804,1872788,2024-09-08
805,149363,2022-01-18
805,180040,2023-08-18
805,330037,2025-05-18
806,143308,2016-06-24
806,247167,2017-11-24
806,379677,2018-11-24
806,756468,2020-05-24
806,1246296,2021-12-24
806,2374350,2023-08-24
806,4513417,2025-04-24
807,129152,2024-06-30
808,96811,2020-06-04
808,158433,2022-04-04
808,232291,2023-07-04
808,391059,2024-10-04
809,96965,2018-10-14
809,102510,2019-12-14
809,202285,2021-02-14
809,221638,2022-09-14
809,415327,2023-09-14
809,702043,2024-09-14
809,774014,2026-01-14
810,62273,2021-02-15
810,124065,2022-11-15
811,282066,2016-11-10
811,422636,2018-03-10
811,555903,2020-02-10
811,695520,2021-10-10
811,859686,2023-01-10
811,1421415,2024-10-10
811,2383853,2025-12-10
812,139907,2022-12-05
812,254225,2024-05-05
812,502655,2025-11-05
813,95989,2025-07-30
814,81744,2025-04-05
815,90677,2017-02-05
815,124634,2018-05-05
815,199205,2019-08-05
815,302561,2021-01-05
815,403945,2022-07-05
815,651509,2024-06-05
815,796276,2025-08-05
816,58052,2021-10-30
816,62536,2023-08-30
816,126241,2024-08-30
816,242633,2025-08-30
817,50466,2025-12-25
818,133713,2018-08-06
818,208674,2020-05-06
818,326192,2022-04-06
818,342721,2023-07-06
818,365804,2024-07-06
818,508564,2025-12-06
819,121205,2020-05-05
819,141149,2021-08-05
819,212834,2023-07-05
819,232790,2024-12-05
819,260563,2025-12-05
820,115996,2021-03-11
820,139845,2022-11-11
820,180544,2024-03-11
820,226613,2025-05-11
821,81070,2022-03-08
821,144986,2023-11-08
821,157686,2025-01-08
822,47791,2016-07-22
822,67596,2017-08-22
822,88309,2018-10-22
822,163222,2020-06-22
822,178144,2022-05-22
822,229329,2024-01-22
822,465028,2025-06-22
823,162415,2020-03-18
823,183958,2021-04-18
823,316334,2022-07-18
823,442916,2024-04-18
823,594108,2025-04-18
824,165295,2020-12-07
824,211946,2022-04-07
824,262661,2023-12-07
824,479685,2025-03-07
825,222607,2017-11-05
825,331331,2019-03-05
825,611756,2020-10-05
825,1229572,2022-07-05
825,1577934,2024-01-05
825,2056766,2025-09-05
826,52546,2023-10-24
826,61856,2025-06-24
827,88275,2024-10-29
828,96444,2021-04-16
828,131067,2022-05-16
828,210738,2023-05-16
829,46293,2017-11-05
829,63097,2019-03-05
829,81553,2020-08-05
829,144853,2021-10-05
829,268808,2023-04-05
829,388856,2024-12-05
830,88219,2021-06-23
830,174072,2023-05-23
830,315195,2025-02-23
831,230189,2025-05-08
832,178754,2019-04-29
832,300222,2021-02-28
832,434726,2022-04-28
832,763798,2023-10-28
832,983901,2025-01-28
833,100321,2018-09-03
833,104005,2019-11-03
833,208447,2020-12-03
833,348613,2022-11-03
833,373262,2023-12-03
833,385257,2025-01-03
834,47672,2023-01-17
834,60758,2024-12-17
835,71997,2023-03-30
835,90078,2024-08-30
835,159575,2025-12-30
836,46860,2017-07-05
836,69094,2019-06-05
836,99249,2020-11-05
836,195856,2022-01-05
836,382743,2023-04-05
836,502856,2024-06-05
836,613540,2025-10-05
837,137671,2020-10-31
837,254821,2021-12-31
837,495771,2023-09-30
837,948979,2024-12-30
838,146784,2022-11-04
838,282750,2024-07-04
838,426673,2025-09-04
839,164899,2020-07-18
839,215123,2021-07-18
839,404332,2022-08-18
839,459557,2024-01-18
839,651332,2025-05-18
840,186530,2017-10-11
840,202020,2019-04-11
840,239970,2020-12-11
840,261033,2022-02-11
840,311994,2024-01-11
840,632374,2025-09-11
841,84505,2019-04-09
841,119405,2020-09-09
841,185170,2022-06-09
841,337859,2023-08-09
841,502617,2024-12-09
841,801628,2026-01-09
842,103701,2019-02-23
842,120628,2020-04-23
842,186780,2021-07-23
842,273763,2022-11-23
842,315748,2024-06-23
842,598583,2025-07-23
843,159183,2020-01-18
843,287067,2021-12-18
843,520691,2023-04-18
843,875594,2024-10-18
844,87759,2024-06-25
845,209157,2022-11-03
845,276492,2024-06-03
846,83349,2024-01-25
846,139679,2025-01-25
847,130182,2021-07-22
847,194269,2022-11-22
847,225408,2024-05-22
847,313547,2025-11-22
848,89137,2018-05-16
848,126150,2019-08-16
848,130929,2020-08-16
848,159242,2022-02-16
848,197634,2023-04-16
848,388324,2024-12-16
849,104061,2018-10-28
849,166465,2020-04-28
849,249683,2022-01-28
849,448625,2023-08-28
849,610586,2025-06-28
850,59002,2024-02-07
850,63776,2025-09-07
851,124207,2017-11-18
851,193678,2018-11-18
851,379347,2020-05-18
851,530907,2021-06-18
851,956032,2022-10-18
851,1625834,2024-03-18
851,1887675,2025-09-18
852,76417,2019-12-04
853,166528,2016-03-01
853,277258,2017-07-01
853,385273,2018-07-01
853,629013,2020-03-01
853,866993,2021-12-01
853,1118264,2023-09-01
853,2185455,2025-05-01
854,120107,2025-10-17
855,110693,2024-08-31
855,130551,2025-08-31
856,61275,2021-12-24
856,88338,2023-01-24
856,125228,2024-07-24
856,216558,2025-09-24
857,91073,2025-11-12
858,131936,2021-09-27
858,208657,2023-01-27
858,305969,2024-05-27
859,114059,2024-03-27
860,134081,2020-08-14
860,231757,2022-01-14
860,352330,2023-05-14
860,505390,2025-02-14
861,263559,2018-01-09
861,519620,2019-01-09
861,663731,2020-05-09
861,894798,2021-10-09
861,1119552,2023-05-09
861,2209626,2025-01-09
862,193259,2019-08-01
862,249161,2021-01-01
862,290344,2022-03-01
862,417167,2023-09-01
862,621458,2025-01-01
862,935487,2026-02-01
863,148361,2017-09-04
863,167105,2019-01-04
863,206088,2020-03-04
863,215452,2021-07-04
863,324563,2023-04-04
863,493096,2024-10-04
864,135098,2025-03-28
865,78278,2025-01-05
865,81905,2026-01-05
866,57237,2023-10-29
866,83196,2025-02-28
867,81622,2019-02-21
867,116704,2020-02-21
867,180844,2021-09-21
867,245509,2023-01-21
867,420653,2024-01-21
867,541838,2025-09-21
868,328607,2017-10-08
868,343183,2019-07-08
868,662999,2021-01-08
868,1214111,2022-08-08
868,1323909,2024-01-08
868,2181589,2025-01-08
869,75708,2025-07-19
870,112955,2018-11-22
870,145573,2020-02-22
870,273515,2021-02-22
870,326910,2022-03-22
870,547716,2023-03-22
870,973331,2024-07-22
870,1463674,2025-11-22
871,58830,2019-07-26
871,63126,2020-11-26
871,125197,2022-09-26
871,197741,2023-11-26
871,291717,2025-07-26
872,42687,2022-04-02
872,71843,2023-12-02
872,140741,2025-09-02
873,61786,2021-02-10
873,99110,2022-11-10
873,166868,2024-05-10
873,268626,2025-11-10
874,43641,2023-01-12
874,75774,2024-01-12
874,145046,2025-05-12
875,119192,2025-04-12
876,55279,2023-12-03
876,87362,2025-08-03
877,223800,2021-05-18
877,260966,2022-08-18
877,392247,2024-01-18
877,570068,2025-08-18
878,97746,2021-02-17
878,138992,2022-09-17
878,202110,2023-09-17
878,346636,2025-07-17
879,258583,2020-01-18
879,453967,2021-01-18
879,763513,2022-10-18
879,1083419,2024-01-18
879,1504072,2025-07-18
880,103396,2025-02-06
881,64787,2017-03-13
881,128571,2018-12-13
881,180195,2020-01-13
881,349709,2021-02-13
881,371126,2022-09-13
881,418905,2024-06-13
881,549719,2025-06-13
882,204342,2024-03-27
882,261153,2025-03-27
883,130560,2018-05-03
883,177716,2020-02-03
883,307803,2021-10-03
883,409012,2023-04-03
883,666549,2025-02-03
884,115795,2016-10-20
884,234131,2017-12-20
884,402898,2019-04-20
884,554840,2020-11-20
884,1120710,2022-01-20
884,1585847,2023-04-20
884,1856949,2024-09-20
884,3294316,2025-11-20
885,190674,2018-09-10
885,295370,2020-08-10
885,392903,2021-10-10
885,779863,2022-11-10
885,967841,2024-04-10
885,1635057,2025-11-10
886,48145,2020-02-18
886,53787,2021-05-18
886,83766,2023-01-18
886,125652,2024-02-18
886,135325,2026-01-18
887,171333,2024-09-10
888,124909,2025-03-21
889,202021,2025-04-01
890,44507,2018-02-18
890,83076,2019-11-18
890,165509,2021-01-18
890,236953,2022-04-18
890,453852,2023-07-18
890,849503,2025-06-18
891,88664,2019-04-09
891,100011,2020-07-09
891,199755,2022-04-09
891,398437,2023-10-09
891,431531,2025-09-09
892,87450,2024-12-25
893,56996,2019-03-16
893,75219,2020-05-16
893,82331,2021-07-16
893,155421,2022-07-16
893,257083,2023-09-16
893,414671,2024-10-16
894,180928,2023-07-11
894,210219,2025-06-11
895,75255,2022-07-24
895,128092,2023-10-24
895,133836,2024-12-24
896,189982,2020-01-13
896,266831,2021-07-13
896,349112,2022-10-13
896,475277,2024-03-13
896,650569,2025-12-13
897,149840,2019-12-07
897,295991,2021-09-07
898,75194,2019-12-12
898,90851,2021-03-12
898,183035,2022-07-12
898,329709,2023-07-12
898,364169,2025-06-12
899,162802,2017-03-25
899,306161,2018-11-25
899,568533,2020-06-25
899,598555,2022-01-25
899,1171480,2023-12-25
899,2343848,2025-10-25
900,89830,2022-03-05
900,176274,2023-06-05
900,254335,2025-01-05
901,92609,2020-08-20
901,183115,2021-10-20
901,297819,2022-10-20
901,392526,2024-06-20
901,761300,2025-06-20
902,119629,2020-04-13
902,125318,2021-08-13
902,167930,2023-06-13
902,222466,2024-09-13
902,239711,2025-10-13
903,117020,2022-01-03
903,143175,2023-05-03
903,225702,2025-04-03
904,40389,2024-10-17
904,76929,2026-01-17
905,71841,2019-10-01
905,78655,2021-05-01
905,92615,2022-10-01
905,108969,2024-09-01
906,57762,2016-02-22
906,59756,2017-11-22
906,84756,2018-11-22
906,127905,2020-08-22
906,184012,2021-08-22
906,242306,2022-11-22
906,366262,2024-05-22
906,402827,2025-08-22
907,81068,2022-06-20
907,118543,2024-05-20
907,160154,2025-11-20
908,38497,2020-04-14
908,41272,2022-02-14
908,54430,2023-07-14
908,69055,2024-09-14
908,107460,2026-01-14
909,98699,2019-08-30
909,169277,2020-08-30
909,220440,2022-03-30
909,340609,2023-06-30
909,653535,2024-08-30
910,68067,2020-12-21
910,134753,2022-03-21
910,220666,2024-01-21
910,371695,2025-12-21
911,328619,2018-03-14
911,593056,2019-11-14
912,57421,2021-05-24
912,92258,2022-10-24
912,161323,2024-03-24
912,223411,2025-04-24
913,240351,2021-09-29
913,337145,2022-12-29
913,478221,2024-05-29
913,502507,2025-07-29
914,123176,2025-01-14
915,43640,2017-04-09
915,83402,2019-02-09
915,93771,2020-12-09
915,112571,2022-10-09
915,184601,2023-10-09
915,215289,2025-08-09
916,166483,2019-05-13
916,292884,2020-11-13
916,432698,2022-08-13
916,458349,2024-07-13
916,761786,2026-01-13
917,192741,2020-10-15
917,315154,2021-11-15
917,347699,2023-02-15
917,528684,2024-09-15
918,60540,2019-12-25
918,66232,2021-04-25
918,99425,2022-10-25
918,139403,2023-11-25
918,178993,2025-09-25
919,81059,2022-12-11
920,104790,2017-06-08
920,136899,2019-05-08
920,176110,2021-01-08
920,260117,2022-09-08
920,524977,2024-06-08
921,76063,2016-05-17
921,136021,2018-04-17
921,152518,2019-04-17
921,229189,2020-07-17
921,380261,2022-04-17
921,751181,2023-12-17
921,1204081,2025-11-17
922,153693,2022-10-12
922,311409,2023-11-12
922,451507,2025-03-12
923,35227,2023-08-20
923,37105,2025-06-20
924,72069,2017-07-30
924,83330,2018-10-30
924,99048,2020-06-30
924,195394,2021-10-30
924,222131,2023-04-30
924,414943,2024-09-30
924,637925,2025-11-30
925,217562,2025-09-21
926,111830,2023-06-11
926,171174,2024-12-11
927,80410,2024-01-18
927,94209,2025-09-18
928,34881,2017-12-22
928,36726,2019-09-22
928,62581,2020-12-22
928,80280,2021-12-22
928,124494,2023-03-22
928,241175,2024-07-22
928,265013,2025-08-22
929,95557,2025-01-08
930,42914,2018-11-06
930,52832,2020-06-06
930,87891,2021-06-06
930,127065,2022-12-06
930,222239,2023-12-06
930,363919,2025-09-06
931,248735,2022-05-10
931,481305,2023-12-10
931,568764,2025-07-10
932,62255,2022-04-11
932,73006,2023-09-11
932,103921,2025-01-11
933,82153,2023-11-29
933,122643,2025-09-29
934,143111,2018-07-16
934,151169,2020-02-16
934,163835,2021-09-16
934,200924,2023-06-16
934,380001,2025-04-16
935,89094,2017-09-22
935,164282,2019-08-22
935,197291,2020-10-22
935,383975,2022-05-22
935,613872,2023-09-22
935,950473,2025-06-22
936,71320,2022-02-02
936,98183,2023-07-02
936,139795,2024-09-02
936,238055,2026-01-02
937,106067,2020-05-10
937,204845,2021-08-10
937,299154,2022-12-10
937,498282,2024-08-10
937,1007155,2025-11-10
938,83866,2016-05-10
938,127690,2018-04-10
938,228893,2019-07-10
938,344729,2021-04-10
938,447145,2022-07-10
938,589943,2024-03-10
938,976921,2025-12-10
939,49556,2021-05-05
939,66642,2022-07-05
939,71653,2024-01-05
939,84067,2025-12-05
940,171683,2020-07-12
940,245867,2021-08-12
941,101026,2025-04-09
942,211086,2016-07-31
942,322058,2018-02-28
942,528000,2019-05-28
942,910182,2021-03-28
942,1468753,2023-01-28
942,2491197,2024-02-28
942,4138524,2025-05-28
943,118600,2016-06-26
943,159314,2018-01-26
943,295245,2019-07-26
943,469507,2021-05-26
943,515471,2022-05-26
943,991475,2024-02-26
943,1481615,2025-10-26
944,69737,2019-12-21
944,110325,2021-11-21
944,133646,2023-04-21
944,208310,2025-02-21
945,89810,2022-10-29
945,174462,2024-02-29
945,185564,2025-10-29
946,153696,2020-02-26
946,300788,2021-10-26
946,610191,2023-08-26
946,1003503,2025-04-26
947,186806,2024-08-03
947,303823,2026-02-03
948,94612,2017-04-07
948,142322,2018-11-07
948,191869,2020-08-07
948,386900,2021-09-07
948,563628,2023-01-07
948,737968,2024-02-07
948,779966,2025-03-07
949,93531,2020-05-06
949,110016,2021-11-06
949,202282,2023-08-06
949,337340,2024-10-06
950,79079,2020-05-20
950,92335,2022-01-20
950,136450,2023-05-20
950,243542,2024-05-20
950,450153,2025-09-20
951,151964,2019-03-21
951,177270,2021-02-21
951,321841,2022-08-21
951,624699,2023-08-21
951,1227302,2025-06-21
952,70114,2022-12-07
952,98441,2024-02-07
952,113208,2025-09-07
953,101622,2025-03-15
954,91731,2025-07-07
955,123475,2021-09-06
955,191653,2022-12-06
955,256599,2024-05-06
956,142382,2024-09-17
957,90467,2016-10-21
957,101791,2018-01-21
957,182049,2019-01-21
957,325353,2020-06-21
957,407615,2022-05-21
957,565526,2024-01-21
957,1059184,2025-07-21
958,62303,2019-05-26
958,112235,2021-04-26
958,202166,2023-02-26
958,397089,2025-01-26
959,65527,2022-03-14
959,126621,2023-08-14
959,182344,2025-06-14
960,191094,2020-01-04
960,367324,2021-06-04
960,603892,2022-08-04
960,1217172,2024-06-04
960,1269249,2025-12-04
961,92724,2021-09-20
961,154016,2023-05-20
961,162682,2024-09-20
961,210665,2025-09-20
962,127897,2020-06-08
962,245488,2021-09-08
962,257930,2023-07-08
962,387850,2025-02-08
963,119854,2017-02-12
963,194653,2018-03-12
963,314709,2019-05-12
963,487509,2021-02-12
963,514011,2022-12-12
963,975865,2024-06-12
963,1198031,2025-09-12
964,91057,2021-10-13
964,100476,2022-12-13
964,142517,2024-01-13
964,255631,2025-08-13
965,58760,2025-05-25
966,73980,2017-10-05
966,105468,2019-01-05
966,150532,2020-04-05
966,250901,2022-03-05
966,314515,2023-11-05
966,620361,2025-03-05
967,79367,2025-11-22
968,93939,2025-09-20
969,272139,2016-03-29
969,417683,2017-08-29
969,682607,2019-03-29
969,760963,2020-10-29
969,1385265,2022-06-29
969,2548240,2023-12-29
969,4101906,2025-02-28
970,147364,2025-12-06
971,152843,2021-08-23
972,125215,2024-04-03
973,62197,2025-10-07
974,88294,2023-05-12
974,163946,2024-08-12
974,174004,2026-01-12
975,76836,2024-03-14
975,128372,2025-07-14
976,104738,2021-05-22
976,209124,2023-03-22
976,287029,2024-11-22
977,197812,2025-12-30
978,154292,2018-06-18
978,204044,2019-12-18
978,275421,2021-07-18
978,515300,2022-08-18
978,697380,2023-08-18
979,117301,2024-11-29
980,115901,2017-03-12
980,133289,2018-07-12
980,229030,2019-07-12
980,411296,2021-06-12
980,629446,2022-12-12
981,121135,2022-10-16
981,139717,2024-08-16
982,74167,2019-03-08
982,126114,2020-06-08
982,189704,2022-01-08
982,228136,2023-11-08
982,458512,2025-06-08
983,110770,2019-10-09
983,190864,2021-01-09
983,304134,2022-06-09
983,353041,2023-08-09
983,532737,2025-06-09
984,235249,2021-01-11
984,374444,2022-12-11
984,648845,2024-06-11
985,96241,2023-03-18
985,117660,2024-04-18
985,196831,2025-07-18
986,65519,2020-11-05
986,131148,2022-08-05
986,157508,2024-07-05
986,170197,2025-07-05
987,55223,2019-08-26
987,87032,2020-08-26
987,141660,2022-06-26
987,215505,2024-02-26
987,318693,2025-02-26
988,109143,2016-08-09
988,138809,2017-08-09
988,276422,2019-03-09
988,463732,2020-10-09
988,800907,2022-07-09
988,1330735,2023-09-09
988,1895613,2025-04-09
989,47375,2021-01-27
989,89383,2022-11-27
989,96267,2024-02-27
989,166401,2025-02-27
990,90733,2018-06-06
990,166887,2020-02-06
990,208228,2021-08-06
990,280444,2022-12-06
990,419482,2024-08-06
990,636941,2025-11-06
991,113450,2017-01-26
991,124423,2018-07-26
991,206454,2019-10-26
991,363357,2020-10-26
991,707418,2022-05-26
991,1242826,2024-02-26
991,1327308,2025-09-26
992,73127,2017-09-24
992,132776,2019-02-24
992,257567,2020-05-24
992,434312,2021-07-24
992,751388,2023-04-24
992,1420398,2024-05-24
992,2592387,2026-01-24
993,46499,2018-09-13
993,67362,2020-01-13
993,91560,2021-03-13
993,133433,2022-07-13
993,165664,2024-06-13
993,192351,2026-01-13
994,40415,2019-05-28
994,68215,2020-09-28
994,133256,2022-05-28
994,195102,2023-10-28
994,280641,2024-11-28
995,144676,2017-07-06
995,293320,2019-03-06
995,341157,2020-09-06
995,591775,2022-04-06
995,1187046,2023-05-06
995,1722225,2024-10-06
996,128506,2022-12-02
996,228936,2024-04-02
996,392868,2025-11-02
997,62467,2023-06-27
997,93412,2024-11-27
998,99875,2021-08-24
998,187080,2023-05-24
998,334034,2024-12-24
999,117553,2016-11-02
999,228624,2017-11-02
999,287811,2019-01-02
999,343209,2020-01-02
999,417290,2021-08-02
999,540949,2022-12-02
999,817419,2024-11-02
999,1553357,2026-02-02
1000,50552,2025-09-06
